2026-02-23 09:52:53,146 - Knowledge - INFO - Created shared MongoDB connection pool
2026-02-23 09:52:53,485 - Knowledge - INFO - Starting Knowledge Graph processing with 20 threads
2026-02-23 09:52:53,678 - Knowledge - INFO - Initial configuration: chunk_size=65536, max_cache_size=500
2026-02-23 09:52:53,859 - Knowledge - INFO - Knowledge Graph concurrency configuration: workers=20, max_batch_size=10, max_concurrent_llm_calls=50
2026-02-23 09:52:55,537 - Knowledge - INFO - 🔍 _load_persisted_knowledge called - checking for Redis optimization
2026-02-23 09:52:55,708 - Knowledge - WARNING - ❌ load_from_redis method not found - Redis support not attached
2026-02-23 09:52:55,881 - Knowledge - INFO - load persisted knowledge: begin
2026-02-23 09:52:56,081 - Knowledge - INFO - Loaded 0 files from persisted knowledge
2026-02-23 09:52:56,244 - Knowledge - INFO - load persisted knowledge: end
2026-02-23 09:52:56,432 - Knowledge - WARNING - No persisted knowledge found. Files will be queued during start()
2026-02-23 09:52:56,624 - Knowledge - INFO - Redis support added with prefix knowledge:b5520qt:
2026-02-23 09:52:57,123 - Knowledge - INFO - Starting knowledge initialization for ID: DeDgKL-b5520qt
2026-02-23 09:52:57,287 - Knowledge - INFO - 🔍 Checking Redis for build_id: b5520qt
2026-02-23 09:52:57,453 - Knowledge - INFO - 🔍 Full session ID: DeDgKL-b5520qt
2026-02-23 09:52:57,613 - Knowledge - INFO - 🔍 Redis prefix will be: knowledge:b5520qt:
2026-02-23 09:52:57,812 - Knowledge - INFO - 🔍 Using attached load_from_redis() method
2026-02-23 09:52:57,978 - Knowledge - INFO - 🔍 Attempting to load knowledge from Redis...
2026-02-23 09:52:58,150 - Knowledge - INFO - 🔍 Using derived instance_id for Redis lookup: b5520qt
2026-02-23 09:52:58,358 - Knowledge - WARNING - ❌ No Redis cache found
2026-02-23 09:52:58,570 - Knowledge - INFO - 📁 Loading knowledge from disk...
2026-02-23 09:52:58,779 - Knowledge - INFO - load persisted docinfo: begin
2026-02-23 09:52:58,993 - Knowledge - INFO - load persisted docinfo: end
2026-02-23 09:52:59,206 - Knowledge - INFO - 🔍 _load_persisted_knowledge called - checking for Redis optimization
2026-02-23 09:52:59,426 - Knowledge - INFO - ✅ load_from_redis method found - attempting Redis load
2026-02-23 09:52:59,600 - Knowledge - INFO - 🔍 Attempting to load knowledge from Redis...
2026-02-23 09:52:59,813 - Knowledge - INFO - 🔍 Using derived instance_id for Redis lookup: b5520qt
2026-02-23 09:52:59,992 - Knowledge - WARNING - ❌ No Redis cache found
2026-02-23 09:53:00,187 - Knowledge - INFO - ❌ Redis load returned False - falling back to file loading
2026-02-23 09:53:00,366 - Knowledge - INFO - load persisted knowledge: begin
2026-02-23 09:53:00,587 - Knowledge - INFO - Loaded 0 files from persisted knowledge
2026-02-23 09:53:00,753 - Knowledge - INFO - load persisted knowledge: end
2026-02-23 09:53:00,925 - Knowledge - INFO - 📁 Disk load complete in 2.19s
2026-02-23 09:53:01,117 - Knowledge - INFO - Populating ingest queue with source files...
2026-02-23 09:53:01,473 - Knowledge - INFO - Added 475 files from /app/data/T0015/325511/b5520qt/entservices-infra-325511 to ingest queue
2026-02-23 09:53:01,688 - Knowledge - INFO - [WEBSOCKET] Sent: Type=progress_update, Size: 160, Duration: 0ms
2026-02-23 09:53:01,890 - Knowledge - INFO - Worker kw1 created using shared MongoDB connection pool
2026-02-23 09:53:02,082 - Knowledge - INFO - knowledge worker kw1 start
2026-02-23 09:53:02,083 - Knowledge - INFO - Worker kw2 created using shared MongoDB connection pool
2026-02-23 09:53:02,279 - Knowledge - INFO - [kw1] Queue=475, InProgress=0, PendingWorkers=0/1, Completed=0/475 (0.0%)
2026-02-23 09:53:02,434 - Knowledge - INFO - knowledge worker kw2 start
2026-02-23 09:53:02,435 - Knowledge - INFO - Worker kw3 created using shared MongoDB connection pool
2026-02-23 09:53:02,575 - Knowledge - INFO - Batch sizing: calculated=6, max_allowed=10, queue=475, active_workers=0/2
2026-02-23 09:53:02,687 - Knowledge - INFO - [kw2] Queue=475, InProgress=0, PendingWorkers=0/2, Completed=0/475 (0.0%)
2026-02-23 09:53:02,767 - Knowledge - INFO - knowledge worker kw3 start
2026-02-23 09:53:02,767 - Knowledge - INFO - Worker kw4 created using shared MongoDB connection pool
2026-02-23 09:53:02,848 - Knowledge - INFO - Worker kw1 processing /app/data/T0015/325511/b5520qt/entservices-infra-325511/UserSettings/Module.h
2026-02-23 09:53:02,933 - Knowledge - INFO - Batch sizing: calculated=6, max_allowed=10, queue=475, active_workers=1/3
2026-02-23 09:53:03,022 - Knowledge - INFO - [kw3] Queue=469, InProgress=0, PendingWorkers=1/3, Completed=0/475 (0.0%)
2026-02-23 09:53:03,115 - Knowledge - INFO - knowledge worker kw4 start
2026-02-23 09:53:03,115 - Knowledge - INFO - Worker kw5 created using shared MongoDB connection pool
2026-02-23 09:53:03,205 - Knowledge - INFO - Fast-tracked /app/data/T0015/325511/b5520qt/entservices-infra-325511/UserSettings/Module.h (ext=.h, size=874)
2026-02-23 09:53:03,289 - Knowledge - INFO - Worker kw2 processing /app/data/T0015/325511/b5520qt/entservices-infra-325511/UserSettings/UserSettingsImplementation.cpp
2026-02-23 09:53:03,373 - Knowledge - INFO - Batch sizing: calculated=6, max_allowed=10, queue=469, active_workers=2/4
2026-02-23 09:53:03,450 - Knowledge - INFO - [kw4] Queue=463, InProgress=0, PendingWorkers=2/4, Completed=0/475 (0.0%)
2026-02-23 09:53:03,551 - Knowledge - INFO - knowledge worker kw5 start
2026-02-23 09:53:03,551 - Knowledge - INFO - Worker kw6 created using shared MongoDB connection pool
2026-02-23 09:53:03,650 - Knowledge - INFO - Worker kw1 processing /app/data/T0015/325511/b5520qt/entservices-infra-325511/UserSettings/UserSettingsImplementation.h
2026-02-23 09:53:03,772 - Knowledge - INFO - Worker kw2 processing /app/data/T0015/325511/b5520qt/entservices-infra-325511/UserSettings/CHANGELOG.md
2026-02-23 09:53:03,862 - Knowledge - INFO - Worker kw3 processing /app/data/T0015/325511/b5520qt/entservices-infra-325511/StorageManager/CMakeLists.txt
2026-02-23 09:53:03,951 - Knowledge - INFO - Batch sizing: calculated=6, max_allowed=10, queue=463, active_workers=3/5
2026-02-23 09:53:04,055 - Knowledge - INFO - [kw5] Queue=457, InProgress=0, PendingWorkers=3/5, Completed=0/475 (0.0%)
2026-02-23 09:53:04,143 - Knowledge - INFO - knowledge worker kw6 start
2026-02-23 09:53:04,143 - Knowledge - INFO - Worker kw7 created using shared MongoDB connection pool
2026-02-23 09:53:04,249 - Knowledge - INFO - Worker kw1 processing /app/data/T0015/325511/b5520qt/entservices-infra-325511/UserSettings/UserSettings.h
2026-02-23 09:53:04,330 - Knowledge - INFO - Fast-tracked /app/data/T0015/325511/b5520qt/entservices-infra-325511/UserSettings/CHANGELOG.md (ext=.md, size=2080)
2026-02-23 09:53:04,410 - Knowledge - INFO - Fast-tracked /app/data/T0015/325511/b5520qt/entservices-infra-325511/StorageManager/CMakeLists.txt (ext=.txt, size=4359)
2026-02-23 09:53:04,501 - Knowledge - INFO - Worker kw4 processing /app/data/T0015/325511/b5520qt/entservices-infra-325511/StorageManager/CHANGELOG.md
2026-02-23 09:53:04,632 - Knowledge - INFO - Batch sizing: calculated=6, max_allowed=10, queue=457, active_workers=4/6
2026-02-23 09:53:04,747 - Knowledge - INFO - [kw6] Queue=451, InProgress=0, PendingWorkers=4/6, Completed=0/475 (0.0%)
2026-02-23 09:53:04,808 - Knowledge - INFO - knowledge worker kw7 start
2026-02-23 09:53:04,808 - Knowledge - INFO - Worker kw8 created using shared MongoDB connection pool
2026-02-23 09:53:04,901 - Knowledge - INFO - Worker kw1 processing /app/data/T0015/325511/b5520qt/entservices-infra-325511/UserSettings/CMakeLists.txt
2026-02-23 09:53:04,988 - Knowledge - INFO - Worker kw2 processing /app/data/T0015/325511/b5520qt/entservices-infra-325511/StorageManager/RequestHandler.cpp
2026-02-23 09:53:05,077 - Knowledge - INFO - Worker kw3 processing /app/data/T0015/325511/b5520qt/entservices-infra-325511/StorageManager/StorageManager.cpp
2026-02-23 09:53:05,162 - Knowledge - INFO - Fast-tracked /app/data/T0015/325511/b5520qt/entservices-infra-325511/StorageManager/CHANGELOG.md (ext=.md, size=1015)
2026-02-23 09:53:05,269 - Knowledge - INFO - Worker kw5 processing /app/data/T0015/325511/b5520qt/entservices-infra-325511/Monitor/CMakeLists.txt
2026-02-23 09:53:05,343 - Knowledge - INFO - Batch sizing: calculated=6, max_allowed=10, queue=451, active_workers=5/7
2026-02-23 09:53:05,461 - Knowledge - INFO - [kw7] Queue=445, InProgress=0, PendingWorkers=5/7, Completed=0/475 (0.0%)
2026-02-23 09:53:05,548 - Knowledge - INFO - knowledge worker kw8 start
2026-02-23 09:53:05,548 - Knowledge - INFO - Worker kw9 created using shared MongoDB connection pool
2026-02-23 09:53:05,639 - Knowledge - INFO - Fast-tracked /app/data/T0015/325511/b5520qt/entservices-infra-325511/UserSettings/CMakeLists.txt (ext=.txt, size=2724)
2026-02-23 09:53:05,738 - Knowledge - INFO - Worker kw2 processing /app/data/T0015/325511/b5520qt/entservices-infra-325511/StorageManager/Module.h
2026-02-23 09:53:05,809 - Knowledge - INFO - Worker kw3 processing /app/data/T0015/325511/b5520qt/entservices-infra-325511/StorageManager/RequestHandler.h
2026-02-23 09:53:05,928 - Knowledge - INFO - Worker kw4 processing /app/data/T0015/325511/b5520qt/entservices-infra-325511/cov_build.sh
2026-02-23 09:53:06,021 - Knowledge - INFO - Fast-tracked /app/data/T0015/325511/b5520qt/entservices-infra-325511/Monitor/CMakeLists.txt (ext=.txt, size=5128)
2026-02-23 09:53:06,110 - Knowledge - INFO - Worker kw6 processing /app/data/T0015/325511/b5520qt/entservices-infra-325511/Analytics/Implementation/Backend/CMakeLists.txt
2026-02-23 09:53:06,201 - Knowledge - INFO - Batch sizing: calculated=6, max_allowed=10, queue=445, active_workers=6/8
2026-02-23 09:53:06,278 - Knowledge - INFO - [kw8] Queue=439, InProgress=0, PendingWorkers=6/8, Completed=0/475 (0.0%)
2026-02-23 09:53:06,349 - Knowledge - INFO - knowledge worker kw9 start
2026-02-23 09:53:06,349 - Knowledge - INFO - Worker kw10 created using shared MongoDB connection pool
2026-02-23 09:53:06,456 - Knowledge - INFO - Worker kw1 processing /app/data/T0015/325511/b5520qt/entservices-infra-325511/UserSettings/UserSettings.cpp
2026-02-23 09:53:06,551 - Knowledge - INFO - Fast-tracked /app/data/T0015/325511/b5520qt/entservices-infra-325511/StorageManager/Module.h (ext=.h, size=919)
2026-02-23 09:53:07,306 - Knowledge - INFO - Worker kw11 created using shared MongoDB connection pool
2026-02-23 09:53:06,730 - Knowledge - INFO - Worker kw4 processing /app/data/T0015/325511/b5520qt/entservices-infra-325511/Monitor/MonitorJsonRpc.cpp
2026-02-23 09:53:06,843 - Knowledge - INFO - Worker kw5 processing /app/data/T0015/325511/b5520qt/entservices-infra-325511/Monitor/Monitor.cpp
2026-02-23 09:53:06,932 - Knowledge - INFO - Fast-tracked /app/data/T0015/325511/b5520qt/entservices-infra-325511/Analytics/Implementation/Backend/CMakeLists.txt (ext=.txt, size=1595)
2026-02-23 09:53:07,032 - Knowledge - INFO - Worker kw7 processing /app/data/T0015/325511/b5520qt/entservices-infra-325511/Analytics/Implementation/LocalStore/LocalStore.cpp
2026-02-23 09:53:07,149 - Knowledge - INFO - Batch sizing: calculated=6, max_allowed=10, queue=439, active_workers=7/9
2026-02-23 09:53:07,231 - Knowledge - INFO - [kw9] Queue=433, InProgress=0, PendingWorkers=7/9, Completed=0/475 (0.0%)
2026-02-23 09:53:07,305 - Knowledge - INFO - knowledge worker kw10 start
2026-02-23 09:53:06,654 - Knowledge - INFO - Worker kw3 processing /app/data/T0015/325511/b5520qt/entservices-infra-325511/StorageManager/README.md
2026-02-23 09:53:07,403 - Knowledge - INFO - Worker kw1 processing /app/data/T0015/325511/b5520qt/entservices-infra-325511/UserSettings/Module.cpp
2026-02-23 09:53:07,495 - Knowledge - INFO - Worker kw2 processing /app/data/T0015/325511/b5520qt/entservices-infra-325511/StorageManager/StorageManagerImplementation.h
2026-02-23 09:53:07,584 - Knowledge - INFO - knowledge worker kw11 start
2026-02-23 09:53:07,585 - Knowledge - INFO - Worker kw12 created using shared MongoDB connection pool
2026-02-23 09:53:07,671 - Knowledge - INFO - Worker kw4 processing /app/data/T0015/325511/b5520qt/entservices-infra-325511/Monitor/Module.h
2026-02-23 09:53:07,748 - Knowledge - INFO - Worker kw5 processing /app/data/T0015/325511/b5520qt/entservices-infra-325511/Monitor/Module.cpp
2026-02-23 09:53:07,852 - Knowledge - INFO - Worker kw6 processing /app/data/T0015/325511/b5520qt/entservices-infra-325511/Analytics/Implementation/Backend/AnalyticsBackendLoader.h
2026-02-23 09:53:07,935 - Knowledge - INFO - Worker kw7 processing /app/data/T0015/325511/b5520qt/entservices-infra-325511/Analytics/Implementation/LocalStore/DatabaseConnection.h
2026-02-23 09:53:08,005 - Knowledge - INFO - Worker kw8 processing /app/data/T0015/325511/b5520qt/entservices-infra-325511/Analytics/Implementation/Interfaces/ISystemTime.h
2026-02-23 09:53:08,082 - Knowledge - INFO - Batch sizing: calculated=6, max_allowed=10, queue=433, active_workers=8/11
2026-02-23 09:53:08,186 - Knowledge - INFO - [kw10] Queue=427, InProgress=0, PendingWorkers=8/11, Completed=0/475 (0.0%)
2026-02-23 09:53:08,266 - Knowledge - INFO - Fast-tracked /app/data/T0015/325511/b5520qt/entservices-infra-325511/StorageManager/README.md (ext=.md, size=666)
2026-02-23 09:53:08,342 - Knowledge - INFO - Fast-tracked /app/data/T0015/325511/b5520qt/entservices-infra-325511/UserSettings/Module.cpp (ext=.cpp, size=763)
2026-02-23 09:53:08,461 - Knowledge - INFO - Worker kw2 processing /app/data/T0015/325511/b5520qt/entservices-infra-325511/StorageManager/StorageManager.h
2026-02-23 09:53:08,550 - Knowledge - INFO - [kw11] Queue=427, InProgress=0, PendingWorkers=8/11, Completed=0/475 (0.0%)
2026-02-23 09:53:08,800 - Knowledge - INFO - knowledge worker kw12 start
2026-02-23 09:53:08,801 - Knowledge - INFO - Worker kw13 created using shared MongoDB connection pool
2026-02-23 09:53:08,887 - Knowledge - INFO - Fast-tracked /app/data/T0015/325511/b5520qt/entservices-infra-325511/Monitor/Module.h (ext=.h, size=951)
2026-02-23 09:53:08,967 - Knowledge - INFO - Fast-tracked /app/data/T0015/325511/b5520qt/entservices-infra-325511/Monitor/Module.cpp (ext=.cpp, size=781)
2026-02-23 09:53:09,067 - Knowledge - INFO - Fast-tracked /app/data/T0015/325511/b5520qt/entservices-infra-325511/Analytics/Implementation/Backend/AnalyticsBackendLoader.h (ext=.h, size=1336)
2026-02-23 09:53:09,157 - Knowledge - INFO - Worker kw7 processing /app/data/T0015/325511/b5520qt/entservices-infra-325511/Analytics/Implementation/SystemTime/SystemTime.h
2026-02-23 09:53:09,231 - Knowledge - INFO - Fast-tracked /app/data/T0015/325511/b5520qt/entservices-infra-325511/Analytics/Implementation/Interfaces/ISystemTime.h (ext=.h, size=1316)
2026-02-23 09:53:09,338 - Knowledge - INFO - Worker kw9 processing /app/data/T0015/325511/b5520qt/entservices-infra-325511/Analytics/Analytics.cpp
2026-02-23 09:53:09,429 - Knowledge - INFO - Batch sizing: calculated=6, max_allowed=10, queue=427, active_workers=9/12
2026-02-23 09:53:09,544 - Knowledge - INFO - Worker kw3 processing /app/data/T0015/325511/b5520qt/entservices-infra-325511/StorageManager/Module.cpp
2026-02-23 09:53:09,868 - Knowledge - INFO - Batch sizing: calculated=6, max_allowed=10, queue=427, active_workers=9/12
2026-02-23 09:53:09,945 - Knowledge - INFO - [kw12] Queue=421, InProgress=0, PendingWorkers=9/12, Completed=0/475 (0.0%)
2026-02-23 09:53:10,020 - Knowledge - INFO - knowledge worker kw13 start
2026-02-23 09:53:10,020 - Knowledge - INFO - Worker kw14 created using shared MongoDB connection pool
2026-02-23 09:53:10,100 - Knowledge - INFO - Worker kw4 processing /app/data/T0015/325511/b5520qt/entservices-infra-325511/Monitor/doc/MonitorPlugin.md
2026-02-23 09:53:10,191 - Knowledge - INFO - Worker kw5 processing /app/data/T0015/325511/b5520qt/entservices-infra-325511/Monitor/CHANGELOG.md
2026-02-23 09:53:10,280 - Knowledge - INFO - Worker kw6 processing /app/data/T0015/325511/b5520qt/entservices-infra-325511/Analytics/Implementation/LocalStore/DatabaseInterface.h
2026-02-23 09:53:10,403 - Knowledge - INFO - Worker kw7 processing /app/data/T0015/325511/b5520qt/entservices-infra-325511/Analytics/Implementation/SystemTime/CMakeLists.txt
2026-02-23 09:53:10,512 - Knowledge - INFO - Worker kw8 processing /app/data/T0015/325511/b5520qt/entservices-infra-325511/Analytics/Implementation/Interfaces/ILocalStore.h
2026-02-23 09:53:10,630 - Knowledge - INFO - Worker kw9 processing /app/data/T0015/325511/b5520qt/entservices-infra-325511/Analytics/Tests/AnalyticsBackendMock/CMakeLists.txt
2026-02-23 09:53:10,724 - Knowledge - INFO - Worker kw10 processing /app/data/T0015/325511/b5520qt/entservices-infra-325511/NativeJS/NativeJSPlugin.cpp
2026-02-23 09:53:10,799 - Knowledge - INFO - Fast-tracked /app/data/T0015/325511/b5520qt/entservices-infra-325511/StorageManager/Module.cpp (ext=.cpp, size=765)
2026-02-23 09:53:10,877 - Knowledge - INFO - Worker kw11 processing /app/data/T0015/325511/b5520qt/entservices-infra-325511/NativeJS/Module.cpp
2026-02-23 09:53:10,973 - Knowledge - INFO - Batch sizing: calculated=6, max_allowed=10, queue=421, active_workers=11/13
2026-02-23 09:53:11,081 - Knowledge - INFO - [kw13] Queue=409, InProgress=0, PendingWorkers=11/13, Completed=0/475 (0.0%)
2026-02-23 09:53:11,164 - Knowledge - INFO - knowledge worker kw14 start
2026-02-23 09:53:11,164 - Knowledge - INFO - Worker kw15 created using shared MongoDB connection pool
2026-02-23 09:53:11,270 - Knowledge - INFO - Fast-tracked /app/data/T0015/325511/b5520qt/entservices-infra-325511/Monitor/doc/MonitorPlugin.md (ext=.md, size=373)
2026-02-23 09:53:11,357 - Knowledge - INFO - Fast-tracked /app/data/T0015/325511/b5520qt/entservices-infra-325511/Monitor/CHANGELOG.md (ext=.md, size=1160)
2026-02-23 09:53:11,484 - Knowledge - INFO - Worker kw6 processing /app/data/T0015/325511/b5520qt/entservices-infra-325511/Analytics/Implementation/LocalStore/DatabaseConnection.cpp
2026-02-23 09:53:11,568 - Knowledge - INFO - Fast-tracked /app/data/T0015/325511/b5520qt/entservices-infra-325511/Analytics/Implementation/SystemTime/CMakeLists.txt (ext=.txt, size=1475)
2026-02-23 09:53:11,667 - Knowledge - INFO - Fast-tracked /app/data/T0015/325511/b5520qt/entservices-infra-325511/Analytics/Implementation/Interfaces/ILocalStore.h (ext=.h, size=1665)
2026-02-23 09:53:11,783 - Knowledge - INFO - Fast-tracked /app/data/T0015/325511/b5520qt/entservices-infra-325511/Analytics/Tests/AnalyticsBackendMock/CMakeLists.txt (ext=.txt, size=2434)
2026-02-23 09:53:11,854 - Knowledge - INFO - Worker kw10 processing /app/data/T0015/325511/b5520qt/entservices-infra-325511/NativeJS/Module.h
2026-02-23 09:53:11,945 - Knowledge - INFO - Worker kw3 processing /app/data/T0015/325511/b5520qt/entservices-infra-325511/StorageManager/StorageManagerImplementation.cpp
2026-02-23 09:53:12,034 - Knowledge - INFO - Fast-tracked /app/data/T0015/325511/b5520qt/entservices-infra-325511/NativeJS/Module.cpp (ext=.cpp, size=765)
2026-02-23 09:53:12,118 - Knowledge - INFO - Worker kw12 processing /app/data/T0015/325511/b5520qt/entservices-infra-325511/CloudStore/l0test/CloudStoreTest.cpp
2026-02-23 09:53:12,243 - Knowledge - INFO - Batch sizing: calculated=6, max_allowed=10, queue=409, active_workers=12/14
2026-02-23 09:53:12,349 - Knowledge - INFO - [kw14] Queue=403, InProgress=0, PendingWorkers=12/14, Completed=0/475 (0.0%)
2026-02-23 09:53:12,427 - Knowledge - INFO - knowledge worker kw15 start
2026-02-23 09:53:12,427 - Knowledge - INFO - Worker kw16 created using shared MongoDB connection pool
2026-02-23 09:53:12,530 - Knowledge - INFO - Worker kw4 processing /app/data/T0015/325511/b5520qt/entservices-infra-325511/Monitor/Monitor.h
2026-02-23 09:53:12,631 - Knowledge - INFO - Worker kw5 processing /app/data/T0015/325511/b5520qt/entservices-infra-325511/Analytics/Module.h
2026-02-23 09:53:12,752 - Knowledge - INFO - Worker kw6 processing /app/data/T0015/325511/b5520qt/entservices-infra-325511/Analytics/Implementation/LocalStore/CMakeLists.txt
2026-02-23 09:53:12,881 - Knowledge - INFO - Worker kw7 processing /app/data/T0015/325511/b5520qt/entservices-infra-325511/Analytics/Implementation/SystemTime/SystemTime.cpp
2026-02-23 09:53:12,999 - Knowledge - INFO - Worker kw8 processing /app/data/T0015/325511/b5520qt/entservices-infra-325511/Analytics/Implementation/Interfaces/IAnalyticsBackend.h
2026-02-23 09:53:13,084 - Knowledge - INFO - Worker kw9 processing /app/data/T0015/325511/b5520qt/entservices-infra-325511/Analytics/Tests/AnalyticsBackendMock/AnalyticsBackendMock.cpp
2026-02-23 09:53:13,167 - Knowledge - INFO - Fast-tracked /app/data/T0015/325511/b5520qt/entservices-infra-325511/NativeJS/Module.h (ext=.h, size=865)
2026-02-23 09:53:13,335 - Knowledge - INFO - Worker kw11 processing /app/data/T0015/325511/b5520qt/entservices-infra-325511/CloudStore/CloudStoreImplementation.h
2026-02-23 09:53:13,463 - Knowledge - INFO - Worker kw12 processing /app/data/T0015/325511/b5520qt/entservices-infra-325511/CloudStore/grpc/l0test/WorkerPoolImplementation.h
2026-02-23 09:53:13,539 - Knowledge - INFO - Worker kw13 processing /app/data/T0015/325511/b5520qt/entservices-infra-325511/CloudStore/grpc/l2test/CMakeLists.txt
2026-02-23 09:53:13,571 - Knowledge - INFO - Fast-tracked /app/data/T0015/325511/b5520qt/entservices-infra-325511/StorageManager/StorageManagerImplementation.h (small file (3012 bytes))
2026-02-23 09:53:13,634 - Knowledge - INFO - Batch sizing: calculated=6, max_allowed=10, queue=403, active_workers=13/15
2026-02-23 09:53:13,723 - Knowledge - INFO - [kw15] Queue=397, InProgress=0, PendingWorkers=13/15, Completed=0/475 (0.0%)
2026-02-23 09:53:13,816 - Knowledge - INFO - knowledge worker kw16 start
2026-02-23 09:53:13,818 - Knowledge - INFO - Worker kw17 created using shared MongoDB connection pool
2026-02-23 09:53:14,161 - Knowledge - INFO - Fast-tracked /app/data/T0015/325511/b5520qt/entservices-infra-325511/Analytics/Module.h (ext=.h, size=873)
2026-02-23 09:53:14,240 - Knowledge - INFO - Fast-tracked /app/data/T0015/325511/b5520qt/entservices-infra-325511/Analytics/Implementation/LocalStore/CMakeLists.txt (ext=.txt, size=1742)
2026-02-23 09:53:14,328 - Knowledge - INFO - Worker kw7 processing /app/data/T0015/325511/b5520qt/entservices-infra-325511/Analytics/Implementation/AnalyticsImplementation.h
2026-02-23 09:53:14,406 - Knowledge - INFO - Fast-tracked /app/data/T0015/325511/b5520qt/entservices-infra-325511/Analytics/Implementation/Interfaces/IAnalyticsBackend.h (ext=.h, size=1703)
2026-02-23 09:53:14,500 - Knowledge - INFO - Fast-tracked /app/data/T0015/325511/b5520qt/entservices-infra-325511/Analytics/Tests/AnalyticsBackendMock/AnalyticsBackendMock.cpp (ext=.cpp, size=8507)
2026-02-23 09:53:14,614 - Knowledge - INFO - Worker kw10 processing /app/data/T0015/325511/b5520qt/entservices-infra-325511/NativeJS/CMakeLists.txt
2026-02-23 09:53:14,701 - Knowledge - INFO - Worker kw11 processing /app/data/T0015/325511/b5520qt/entservices-infra-325511/CloudStore/Module.h
2026-02-23 09:53:14,818 - Knowledge - INFO - Fast-tracked /app/data/T0015/325511/b5520qt/entservices-infra-325511/CloudStore/grpc/l0test/WorkerPoolImplementation.h (ext=.h, size=1980)
2026-02-23 09:53:14,908 - Knowledge - INFO - Fast-tracked /app/data/T0015/325511/b5520qt/entservices-infra-325511/CloudStore/grpc/l2test/CMakeLists.txt (ext=.txt, size=2202)
2026-02-23 09:53:15,006 - Knowledge - INFO - Fast-tracked /app/data/T0015/325511/b5520qt/entservices-infra-325511/StorageManager/StorageManager.h (small file (2180 bytes))
2026-02-23 09:53:15,116 - Knowledge - INFO - Worker kw14 processing /app/data/T0015/325511/b5520qt/entservices-infra-325511/CloudStore/CloudStoreImplementation.cpp
2026-02-23 09:53:15,196 - Knowledge - INFO - Batch sizing: calculated=6, max_allowed=10, queue=397, active_workers=14/16
2026-02-23 09:53:15,292 - Knowledge - INFO - [kw16] Queue=391, InProgress=0, PendingWorkers=14/16, Completed=0/475 (0.0%)
2026-02-23 09:53:15,374 - Knowledge - INFO - knowledge worker kw17 start
2026-02-23 09:53:15,376 - Knowledge - INFO - Worker kw18 created using shared MongoDB connection pool
2026-02-23 09:53:15,465 - Knowledge - INFO - Worker kw5 processing /app/data/T0015/325511/b5520qt/entservices-infra-325511/Analytics/Implementation/Backend/AnalyticsBackendLoader.cpp
2026-02-23 09:53:15,553 - Knowledge - INFO - Worker kw6 processing /app/data/T0015/325511/b5520qt/entservices-infra-325511/Analytics/Implementation/LocalStore/LocalStore.h
2026-02-23 09:53:15,750 - Knowledge - INFO - Worker kw8 processing /app/data/T0015/325511/b5520qt/entservices-infra-325511/Analytics/Implementation/AnalyticsImplementation.cpp
2026-02-23 09:53:15,865 - Knowledge - INFO - Worker kw9 processing /app/data/T0015/325511/b5520qt/entservices-infra-325511/Analytics/Module.cpp
2026-02-23 09:53:15,943 - Knowledge - INFO - Fast-tracked /app/data/T0015/325511/b5520qt/entservices-infra-325511/NativeJS/CMakeLists.txt (ext=.txt, size=906)
2026-02-23 09:53:16,053 - Knowledge - INFO - Fast-tracked /app/data/T0015/325511/b5520qt/entservices-infra-325511/CloudStore/Module.h (ext=.h, size=1343)
2026-02-23 09:53:16,167 - Knowledge - INFO - Worker kw12 processing /app/data/T0015/325511/b5520qt/entservices-infra-325511/CloudStore/grpc/l0test/Store2Test.cpp
2026-02-23 09:53:16,286 - Knowledge - INFO - Worker kw13 processing /app/data/T0015/325511/b5520qt/entservices-infra-325511/CloudStore/grpc/l2test/StubTest.cpp
2026-02-23 09:53:16,463 - Knowledge - INFO - Fast-tracked /app/data/T0015/325511/b5520qt/entservices-infra-325511/CloudStore/CloudStoreImplementation.cpp (ext=.cpp, size=1693)
2026-02-23 09:53:16,557 - Knowledge - INFO - Worker kw15 processing /app/data/T0015/325511/b5520qt/entservices-infra-325511/RDKWindowManager/Module.h
2026-02-23 09:53:16,635 - Knowledge - INFO - Batch sizing: calculated=6, max_allowed=10, queue=391, active_workers=15/17
2026-02-23 09:53:16,730 - Knowledge - INFO - [kw17] Queue=385, InProgress=0, PendingWorkers=15/17, Completed=0/475 (0.0%)
2026-02-23 09:53:16,808 - Knowledge - INFO - knowledge worker kw18 start
2026-02-23 09:53:16,810 - Knowledge - INFO - Worker kw19 created using shared MongoDB connection pool
2026-02-23 09:53:16,962 - Knowledge - INFO - Fast-tracked /app/data/T0015/325511/b5520qt/entservices-infra-325511/Analytics/Implementation/Backend/AnalyticsBackendLoader.cpp (ext=.cpp, size=1583)
2026-02-23 09:53:17,105 - Knowledge - INFO - Fast-tracked /app/data/T0015/325511/b5520qt/entservices-infra-325511/Analytics/Implementation/LocalStore/LocalStore.h (ext=.h, size=1944)
2026-02-23 09:53:17,354 - Knowledge - INFO - Worker kw8 processing /app/data/T0015/325511/b5520qt/entservices-infra-325511/Analytics/Analytics.h
2026-02-23 09:53:17,426 - Knowledge - INFO - Fast-tracked /app/data/T0015/325511/b5520qt/entservices-infra-325511/Analytics/Module.cpp (ext=.cpp, size=765)
2026-02-23 09:53:17,526 - Knowledge - INFO - Worker kw10 processing /app/data/T0015/325511/b5520qt/entservices-infra-325511/NativeJS/NativeJSPlugin.h
2026-02-23 09:53:17,647 - Knowledge - INFO - Worker kw11 processing /app/data/T0015/325511/b5520qt/entservices-infra-325511/CloudStore/l0test/CloudStoreImplementationMock.h
2026-02-23 09:53:17,791 - Knowledge - INFO - Worker kw12 processing /app/data/T0015/325511/b5520qt/entservices-infra-325511/CloudStore/grpc/l0test/CMakeLists.txt
2026-02-23 09:53:17,982 - Knowledge - INFO - Worker kw13 processing /app/data/T0015/325511/b5520qt/entservices-infra-325511/CloudStore/grpc/Store2.h
2026-02-23 09:53:18,142 - Knowledge - INFO - Worker kw14 processing /app/data/T0015/325511/b5520qt/entservices-infra-325511/CloudStore/Module.cpp
2026-02-23 09:53:18,331 - Knowledge - INFO - Fast-tracked /app/data/T0015/325511/b5520qt/entservices-infra-325511/RDKWindowManager/Module.h (ext=.h, size=880)
2026-02-23 09:53:18,443 - Knowledge - INFO - Worker kw16 processing /app/data/T0015/325511/b5520qt/entservices-infra-325511/RDKWindowManager/Module.cpp
2026-02-23 09:53:18,618 - Knowledge - INFO - Batch sizing: calculated=6, max_allowed=10, queue=385, active_workers=16/18
2026-02-23 09:53:18,746 - Knowledge - INFO - [kw18] Queue=379, InProgress=0, PendingWorkers=16/18, Completed=0/475 (0.0%)
2026-02-23 09:53:18,859 - Knowledge - INFO - knowledge worker kw19 start
2026-02-23 09:53:18,876 - Knowledge - INFO - Worker kw20 created using shared MongoDB connection pool
2026-02-23 09:53:19,279 - Knowledge - INFO - Fast-tracked /app/data/T0015/325511/b5520qt/entservices-infra-325511/Analytics/Implementation/LocalStore/DatabaseInterface.h (small file (2632 bytes))
2026-02-23 09:53:19,409 - Knowledge - INFO - Worker kw8 processing /app/data/T0015/325511/b5520qt/entservices-infra-325511/Analytics/CMakeLists.txt
2026-02-23 09:53:19,585 - Knowledge - INFO - Worker kw9 processing /app/data/T0015/325511/b5520qt/entservices-infra-325511/Analytics/CHANGELOG.md
2026-02-23 09:53:19,766 - Knowledge - INFO - Worker kw10 processing /app/data/T0015/325511/b5520qt/entservices-infra-325511/NativeJS/README.md
2026-02-23 09:53:19,928 - Knowledge - INFO - Worker kw11 processing /app/data/T0015/325511/b5520qt/entservices-infra-325511/CloudStore/l0test/CMakeLists.txt
2026-02-23 09:53:20,108 - Knowledge - INFO - Fast-tracked /app/data/T0015/325511/b5520qt/entservices-infra-325511/CloudStore/grpc/l0test/CMakeLists.txt (ext=.txt, size=2415)
2026-02-23 09:53:20,195 - Knowledge - INFO - Worker kw13 processing /app/data/T0015/325511/b5520qt/entservices-infra-325511/CloudStore/CloudStore.h
2026-02-23 09:53:20,326 - Knowledge - INFO - Fast-tracked /app/data/T0015/325511/b5520qt/entservices-infra-325511/CloudStore/Module.cpp (ext=.cpp, size=780)
2026-02-23 09:53:20,462 - Knowledge - INFO - Worker kw15 processing /app/data/T0015/325511/b5520qt/entservices-infra-325511/RDKWindowManager/RDKWindowManager.h
2026-02-23 09:53:20,625 - Knowledge - INFO - Fast-tracked /app/data/T0015/325511/b5520qt/entservices-infra-325511/RDKWindowManager/Module.cpp (ext=.cpp, size=765)
2026-02-23 09:53:20,713 - Knowledge - INFO - Worker kw17 processing /app/data/T0015/325511/b5520qt/entservices-infra-325511/AppManager/AppManager.h
2026-02-23 09:53:20,833 - Knowledge - INFO - Batch sizing: calculated=6, max_allowed=10, queue=379, active_workers=17/19
2026-02-23 09:53:20,957 - Knowledge - INFO - [kw19] Queue=373, InProgress=0, PendingWorkers=17/19, Completed=0/475 (0.0%)
2026-02-23 09:53:21,186 - Knowledge - INFO - knowledge worker kw20 start
2026-02-23 09:53:21,403 - Knowledge - INFO - Fast-tracked /app/data/T0015/325511/b5520qt/entservices-infra-325511/Analytics/CMakeLists.txt (ext=.txt, size=4486)
2026-02-23 09:53:21,571 - Knowledge - INFO - Fast-tracked /app/data/T0015/325511/b5520qt/entservices-infra-325511/Analytics/CHANGELOG.md (ext=.md, size=1355)
2026-02-23 09:53:21,694 - Knowledge - INFO - [LLM_CALL] Completed: UserSettings.cpp:chunk1, Duration: 8505ms, PromptTokens: 3406, CompletionTokens: 625, Cost: $0.00059
2026-02-23 09:53:21,889 - Knowledge - INFO - Fast-tracked /app/data/T0015/325511/b5520qt/entservices-infra-325511/NativeJS/README.md (ext=.md, size=1105)
2026-02-23 09:53:22,049 - Knowledge - INFO - Fast-tracked /app/data/T0015/325511/b5520qt/entservices-infra-325511/CloudStore/l0test/CMakeLists.txt (ext=.txt, size=1472)
2026-02-23 09:53:22,156 - Knowledge - INFO - Worker kw12 processing /app/data/T0015/325511/b5520qt/entservices-infra-325511/CloudStore/grpc/l0test/SecureStorageServiceMock.h
2026-02-23 09:53:22,283 - Knowledge - INFO - Worker kw13 processing /app/data/T0015/325511/b5520qt/entservices-infra-325511/CloudStore/CMakeLists.txt
2026-02-23 09:53:22,403 - Knowledge - INFO - Worker kw14 processing /app/data/T0015/325511/b5520qt/entservices-infra-325511/CloudStore/CHANGELOG.md
2026-02-23 09:53:22,498 - Knowledge - INFO - Worker kw15 processing /app/data/T0015/325511/b5520qt/entservices-infra-325511/RDKWindowManager/CMakeLists.txt
2026-02-23 09:53:22,586 - Knowledge - INFO - Worker kw16 processing /app/data/T0015/325511/b5520qt/entservices-infra-325511/RDKWindowManager/CHANGELOG.md
2026-02-23 09:53:22,688 - Knowledge - INFO - Worker kw17 processing /app/data/T0015/325511/b5520qt/entservices-infra-325511/AppManager/CMakeLists.txt
2026-02-23 09:53:22,941 - Knowledge - INFO - Batch sizing: calculated=6, max_allowed=10, queue=373, active_workers=18/20
2026-02-23 09:53:23,029 - Knowledge - INFO - [kw20] Queue=367, InProgress=0, PendingWorkers=18/20, Completed=0/475 (0.0%)
2026-02-23 09:53:23,219 - Knowledge - INFO - Worker kw9 processing /app/data/T0015/325511/b5520qt/entservices-infra-325511/NativeJS/NativeJSImplementation.h
2026-02-23 09:53:23,309 - Knowledge - INFO - done ingest for /app/data/T0015/325511/b5520qt/entservices-infra-325511/UserSettings/UserSettings.cpp
2026-02-23 09:53:23,310 - Knowledge - INFO - Worker kw18 processing /app/data/T0015/325511/b5520qt/entservices-infra-325511/AppManager/AppManagerTelemetryReporting.h
2026-02-23 09:53:23,426 - Knowledge - INFO - Worker kw10 processing /app/data/T0015/325511/b5520qt/entservices-infra-325511/NativeJS/NativeJSImplementation.cpp
2026-02-23 09:53:23,548 - Knowledge - INFO - Worker kw11 processing /app/data/T0015/325511/b5520qt/entservices-infra-325511/CloudStore/l0test/ServiceMock.h
2026-02-23 09:53:23,563 - Knowledge - INFO - Fast-tracked /app/data/T0015/325511/b5520qt/entservices-infra-325511/Analytics/Implementation/SystemTime/SystemTime.h (small file (2685 bytes))
2026-02-23 09:53:23,639 - Knowledge - INFO - Worker kw12 processing /app/data/T0015/325511/b5520qt/entservices-infra-325511/CloudStore/grpc/l0test/Server.h
2026-02-23 09:53:23,719 - Knowledge - INFO - Fast-tracked /app/data/T0015/325511/b5520qt/entservices-infra-325511/CloudStore/CMakeLists.txt (ext=.txt, size=4525)
2026-02-23 09:53:23,802 - Knowledge - INFO - Fast-tracked /app/data/T0015/325511/b5520qt/entservices-infra-325511/CloudStore/CHANGELOG.md (ext=.md, size=1012)
2026-02-23 09:53:23,880 - Knowledge - INFO - Fast-tracked /app/data/T0015/325511/b5520qt/entservices-infra-325511/RDKWindowManager/CMakeLists.txt (ext=.txt, size=3471)
2026-02-23 09:53:23,970 - Knowledge - INFO - Fast-tracked /app/data/T0015/325511/b5520qt/entservices-infra-325511/RDKWindowManager/CHANGELOG.md (ext=.md, size=1015)
2026-02-23 09:53:24,052 - Knowledge - INFO - Fast-tracked /app/data/T0015/325511/b5520qt/entservices-infra-325511/AppManager/CMakeLists.txt (ext=.txt, size=3611)
2026-02-23 09:53:24,175 - Knowledge - INFO - Worker kw19 processing /app/data/T0015/325511/b5520qt/entservices-infra-325511/SharedStorage/SharedStorageImplementation.cpp
2026-02-23 09:53:24,269 - Knowledge - INFO - Batch sizing: calculated=6, max_allowed=10, queue=367, active_workers=19/20
2026-02-23 09:53:24,335 - Knowledge - INFO - [LLM_CALL] Completed: UserSettingsImplementation.cpp:chunk1, Duration: 14597ms, PromptTokens: 17616, CompletionTokens: 939, Cost: $0.00214
2026-02-23 09:53:24,655 - Knowledge - INFO - Worker kw18 processing /app/data/T0015/325511/b5520qt/entservices-infra-325511/SharedStorage/SharedStorageImplementation.h
2026-02-23 09:53:25,498 - Knowledge - INFO - Fast-tracked /app/data/T0015/325511/b5520qt/entservices-infra-325511/CloudStore/grpc/l0test/Server.h (ext=.h, size=1209)
2026-02-23 09:53:25,586 - Knowledge - INFO - Worker kw13 processing /app/data/T0015/325511/b5520qt/entservices-infra-325511/CloudStore/CloudStore.cpp
2026-02-23 09:53:25,707 - Knowledge - INFO - Worker kw14 processing /app/data/T0015/325511/b5520qt/entservices-infra-325511/RDKWindowManager/RDKWindowManagerImplementation.h
2026-02-23 09:53:25,908 - Knowledge - INFO - Worker kw15 processing /app/data/T0015/325511/b5520qt/entservices-infra-325511/RDKWindowManager/RDKWindowManager.cpp
2026-02-23 09:53:25,997 - Knowledge - INFO - Worker kw16 processing /app/data/T0015/325511/b5520qt/entservices-infra-325511/AppManager/AppManagerImplementation.h
2026-02-23 09:53:26,122 - Knowledge - INFO - Worker kw17 processing /app/data/T0015/325511/b5520qt/entservices-infra-325511/AppManager/LifecycleInterfaceConnector.cpp
2026-02-23 09:53:26,262 - Knowledge - INFO - Worker kw19 processing /app/data/T0015/325511/b5520qt/entservices-infra-325511/SharedStorage/Module.cpp
2026-02-23 09:53:26,573 - Knowledge - INFO - done ingest for /app/data/T0015/325511/b5520qt/entservices-infra-325511/UserSettings/UserSettingsImplementation.cpp
2026-02-23 09:53:26,625 - Knowledge - INFO - Worker kw20 processing /app/data/T0015/325511/b5520qt/entservices-infra-325511/TelemetryMetrics/TelemetryMetricsImplementation.h
2026-02-23 09:53:26,754 - Knowledge - INFO - Worker kw18 processing /app/data/T0015/325511/b5520qt/entservices-infra-325511/SharedStorage/Module.h
2026-02-23 09:53:26,788 - Knowledge - INFO - Fast-tracked /app/data/T0015/325511/b5520qt/entservices-infra-325511/Analytics/Analytics.h (small file (2916 bytes))
2026-02-23 09:53:27,260 - Knowledge - INFO - Worker kw14 processing /app/data/T0015/325511/b5520qt/entservices-infra-325511/RDKWindowManager/test/README.md
2026-02-23 09:53:27,280 - Knowledge - INFO - Worker kw15 processing /app/data/T0015/325511/b5520qt/entservices-infra-325511/RDKWindowManager/README.md
2026-02-23 09:53:27,407 - Knowledge - INFO - Worker kw16 processing /app/data/T0015/325511/b5520qt/entservices-infra-325511/AppManager/Module.h
2026-02-23 09:53:27,538 - Knowledge - INFO - Worker kw17 processing /app/data/T0015/325511/b5520qt/entservices-infra-325511/AppManager/AppManager.cpp
2026-02-23 09:53:27,677 - Knowledge - INFO - Fast-tracked /app/data/T0015/325511/b5520qt/entservices-infra-325511/SharedStorage/Module.cpp (ext=.cpp, size=765)
2026-02-23 09:53:27,947 - Knowledge - INFO - Fast-tracked /app/data/T0015/325511/b5520qt/entservices-infra-325511/TelemetryMetrics/TelemetryMetricsImplementation.h (ext=.h, size=1778)
2026-02-23 09:53:28,054 - Knowledge - INFO - Fast-tracked /app/data/T0015/325511/b5520qt/entservices-infra-325511/SharedStorage/Module.h (ext=.h, size=848)
2026-02-23 09:53:28,296 - Knowledge - INFO - Fast-tracked /app/data/T0015/325511/b5520qt/entservices-infra-325511/RDKWindowManager/test/README.md (ext=.md, size=68195)
2026-02-23 09:53:28,410 - Knowledge - INFO - Fast-tracked /app/data/T0015/325511/b5520qt/entservices-infra-325511/RDKWindowManager/README.md (ext=.md, size=1104)
2026-02-23 09:53:28,522 - Knowledge - INFO - Fast-tracked /app/data/T0015/325511/b5520qt/entservices-infra-325511/AppManager/Module.h (ext=.h, size=874)
2026-02-23 09:53:28,669 - Knowledge - INFO - Worker kw17 processing /app/data/T0015/325511/b5520qt/entservices-infra-325511/AppManager/AppManagerImplementation.cpp
2026-02-23 09:53:28,822 - Knowledge - INFO - Worker kw19 processing /app/data/T0015/325511/b5520qt/entservices-infra-325511/SharedStorage/CHANGELOG.md
2026-02-23 09:53:28,969 - Knowledge - INFO - Worker kw20 processing /app/data/T0015/325511/b5520qt/entservices-infra-325511/TelemetryMetrics/CMakeLists.txt
2026-02-23 09:53:29,223 - Knowledge - INFO - Worker kw18 processing /app/data/T0015/325511/b5520qt/entservices-infra-325511/SharedStorage/SharedStorage.h
2026-02-23 09:53:29,489 - Knowledge - INFO - Worker kw14 processing /app/data/T0015/325511/b5520qt/entservices-infra-325511/RDKWindowManager/test/RDKWMJsonL3Test.sh
2026-02-23 09:53:29,627 - Knowledge - INFO - Worker kw15 processing /app/data/T0015/325511/b5520qt/entservices-infra-325511/RDKWindowManager/RDKWindowManagerImplementation.cpp
2026-02-23 09:53:29,836 - Knowledge - INFO - Worker kw16 processing /app/data/T0015/325511/b5520qt/entservices-infra-325511/AppManager/AppManagerTelemetryReporting.cpp
2026-02-23 09:53:30,049 - Knowledge - INFO - [LLM_CALL] Completed: cov_build.sh:chunk1, Duration: 16151ms, PromptTokens: 2796, CompletionTokens: 59, Cost: $0.00030
2026-02-23 09:53:30,089 - Knowledge - INFO - Worker kw17 processing /app/data/T0015/325511/b5520qt/entservices-infra-325511/AppManager/Module.cpp
2026-02-23 09:53:30,307 - Knowledge - INFO - Fast-tracked /app/data/T0015/325511/b5520qt/entservices-infra-325511/SharedStorage/CHANGELOG.md (ext=.md, size=1014)
2026-02-23 09:53:30,444 - Knowledge - INFO - Fast-tracked /app/data/T0015/325511/b5520qt/entservices-infra-325511/TelemetryMetrics/CMakeLists.txt (ext=.txt, size=3149)
2026-02-23 09:53:30,612 - Knowledge - INFO - Worker kw18 processing /app/data/T0015/325511/b5520qt/entservices-infra-325511/SharedStorage/CMakeLists.txt
2026-02-23 09:53:30,775 - Knowledge - INFO - Fast-tracked /app/data/T0015/325511/b5520qt/entservices-infra-325511/RDKWindowManager/test/RDKWMJsonL3Test.sh (ext=.sh, size=62038)
2026-02-23 09:53:31,102 - Knowledge - INFO - Worker kw16 processing /app/data/T0015/325511/b5520qt/entservices-infra-325511/AppManager/LifecycleInterfaceConnector.h
2026-02-23 09:53:31,179 - Knowledge - INFO - done ingest for /app/data/T0015/325511/b5520qt/entservices-infra-325511/cov_build.sh
2026-02-23 09:53:31,190 - Knowledge - INFO - [LLM_CALL] Completed: Monitor.cpp:chunk1, Duration: 12054ms, PromptTokens: 3478, CompletionTokens: 559, Cost: $0.00057
2026-02-23 09:53:31,372 - Knowledge - INFO - Fast-tracked /app/data/T0015/325511/b5520qt/entservices-infra-325511/AppManager/Module.cpp (ext=.cpp, size=765)
2026-02-23 09:53:31,489 - Knowledge - INFO - Worker kw19 processing /app/data/T0015/325511/b5520qt/entservices-infra-325511/TelemetryMetrics/TelemetryMetrics.h
2026-02-23 09:53:31,615 - Knowledge - INFO - Worker kw20 processing /app/data/T0015/325511/b5520qt/entservices-infra-325511/TelemetryMetrics/TelemetryMetricsImplementation.cpp
2026-02-23 09:53:31,791 - Knowledge - INFO - Fast-tracked /app/data/T0015/325511/b5520qt/entservices-infra-325511/SharedStorage/CMakeLists.txt (ext=.txt, size=2454)
2026-02-23 09:53:32,376 - Knowledge - INFO - done ingest for /app/data/T0015/325511/b5520qt/entservices-infra-325511/Monitor/Monitor.cpp
2026-02-23 09:53:32,408 - Knowledge - INFO - [LLM_CALL] Completed: UserSettings.h:chunk1, Duration: 21210ms, PromptTokens: 4354, CompletionTokens: 1056, Cost: $0.00086
2026-02-23 09:53:32,792 - Knowledge - INFO - Worker kw19 processing /app/data/T0015/325511/b5520qt/entservices-infra-325511/TelemetryMetrics/Module.h
2026-02-23 09:53:32,800 - Knowledge - INFO - Worker kw20 processing /app/data/T0015/325511/b5520qt/entservices-infra-325511/TelemetryMetrics/TelemetryMetrics.cpp
2026-02-23 09:53:32,922 - Knowledge - INFO - Worker kw18 processing /app/data/T0015/325511/b5520qt/entservices-infra-325511/SharedStorage/SharedStorage.cpp
2026-02-23 09:53:33,157 - Knowledge - INFO - done ingest for /app/data/T0015/325511/b5520qt/entservices-infra-325511/UserSettings/UserSettings.h
2026-02-23 09:53:33,183 - Knowledge - INFO - [LLM_CALL] Completed: RequestHandler.cpp:chunk1, Duration: 21669ms, PromptTokens: 16376, CompletionTokens: 1252, Cost: $0.00214
2026-02-23 09:53:33,266 - Knowledge - INFO - Fast-tracked /app/data/T0015/325511/b5520qt/entservices-infra-325511/TelemetryMetrics/Module.h (ext=.h, size=880)
2026-02-23 09:53:33,491 - Knowledge - INFO - Worker kw20 processing /app/data/T0015/325511/b5520qt/entservices-infra-325511/TelemetryMetrics/Module.cpp
2026-02-23 09:53:33,812 - Knowledge - INFO - Fast-tracked /app/data/T0015/325511/b5520qt/entservices-infra-325511/AppManager/AppManagerTelemetryReporting.h (small file (2482 bytes))
2026-02-23 09:53:33,953 - Knowledge - INFO - done ingest for /app/data/T0015/325511/b5520qt/entservices-infra-325511/StorageManager/RequestHandler.cpp
2026-02-23 09:53:33,981 - Knowledge - INFO - [LLM_CALL] Completed: DatabaseConnection.cpp:chunk1, Duration: 12561ms, PromptTokens: 4228, CompletionTokens: 440, Cost: $0.00060
2026-02-23 09:53:34,122 - Knowledge - INFO - Worker kw19 processing /app/data/T0015/325511/b5520qt/entservices-infra-325511/TelemetryMetrics/TelemetryFilters.h
2026-02-23 09:53:34,148 - Knowledge - INFO - Fast-tracked /app/data/T0015/325511/b5520qt/entservices-infra-325511/NativeJS/NativeJSPlugin.h (small file (2844 bytes))
2026-02-23 09:53:34,227 - Knowledge - INFO - Fast-tracked /app/data/T0015/325511/b5520qt/entservices-infra-325511/TelemetryMetrics/Module.cpp (ext=.cpp, size=765)
2026-02-23 09:53:34,591 - Knowledge - INFO - done ingest for /app/data/T0015/325511/b5520qt/entservices-infra-325511/Analytics/Implementation/LocalStore/DatabaseConnection.cpp
2026-02-23 09:53:34,899 - Knowledge - INFO - Fast-tracked /app/data/T0015/325511/b5520qt/entservices-infra-325511/NativeJS/NativeJSImplementation.h (small file (2063 bytes))
2026-02-23 09:53:35,376 - Knowledge - INFO - Worker kw20 processing /app/data/T0015/325511/b5520qt/entservices-infra-325511/Migration/Migration.h
2026-02-23 09:53:35,549 - Knowledge - INFO - Processing batch of 6 files
2026-02-23 09:53:35,775 - Knowledge - INFO - Processing batch of 6 files
2026-02-23 09:53:36,023 - Knowledge - INFO - process ingested knowledge for /app/data/T0015/325511/b5520qt/entservices-infra-325511/Monitor/CMakeLists.txt
2026-02-23 09:53:36,079 - Knowledge - INFO - Processing batch of 6 files
2026-02-23 09:53:36,105 - Knowledge - INFO - process ingested knowledge for /app/data/T0015/325511/b5520qt/entservices-infra-325511/UserSettings/UserSettingsImplementation.cpp
2026-02-23 09:53:36,258 - Knowledge - INFO - process ingested knowledge for /app/data/T0015/325511/b5520qt/entservices-infra-325511/Monitor/Monitor.cpp
2026-02-23 09:53:36,356 - Knowledge - INFO - [LLM_CALL] Completed: AnalyticsImplementation.cpp:chunk1, Duration: 13046ms, PromptTokens: 7690, CompletionTokens: 880, Cost: $0.00112
2026-02-23 09:53:36,383 - Knowledge - INFO - process ingested knowledge for /app/data/T0015/325511/b5520qt/entservices-infra-325511/Analytics/Implementation/Backend/CMakeLists.txt
2026-02-23 09:53:36,556 - Knowledge - INFO - process ingested knowledge for /app/data/T0015/325511/b5520qt/entservices-infra-325511/UserSettings/CHANGELOG.md
2026-02-23 09:53:36,686 - Knowledge - INFO - process ingested knowledge for /app/data/T0015/325511/b5520qt/entservices-infra-325511/Monitor/Module.cpp
2026-02-23 09:53:36,833 - Knowledge - INFO - done ingest for /app/data/T0015/325511/b5520qt/entservices-infra-325511/Analytics/Implementation/AnalyticsImplementation.cpp
2026-02-23 09:53:36,834 - Knowledge - INFO - [LLM_CALL] Completed: StorageManager.cpp:chunk1, Duration: 23584ms, PromptTokens: 3016, CompletionTokens: 574, Cost: $0.00053
2026-02-23 09:53:36,949 - Knowledge - INFO - process ingested knowledge for /app/data/T0015/325511/b5520qt/entservices-infra-325511/Analytics/Implementation/Backend/AnalyticsBackendLoader.h
2026-02-23 09:53:37,103 - Knowledge - INFO - process ingested knowledge for /app/data/T0015/325511/b5520qt/entservices-infra-325511/StorageManager/RequestHandler.cpp
2026-02-23 09:53:37,406 - Knowledge - INFO - process ingested knowledge for /app/data/T0015/325511/b5520qt/entservices-infra-325511/Monitor/CHANGELOG.md
2026-02-23 09:53:37,680 - Knowledge - INFO - done ingest for /app/data/T0015/325511/b5520qt/entservices-infra-325511/StorageManager/StorageManager.cpp
2026-02-23 09:53:37,793 - Knowledge - INFO - process ingested knowledge for /app/data/T0015/325511/b5520qt/entservices-infra-325511/Analytics/Implementation/LocalStore/DatabaseInterface.h
2026-02-23 09:53:37,935 - Knowledge - INFO - process ingested knowledge for /app/data/T0015/325511/b5520qt/entservices-infra-325511/StorageManager/Module.h
2026-02-23 09:53:38,115 - Knowledge - INFO - process ingested knowledge for /app/data/T0015/325511/b5520qt/entservices-infra-325511/Analytics/Module.h
2026-02-23 09:53:38,128 - Knowledge - INFO - [LLM_CALL] Completed: MonitorJsonRpc.cpp:chunk1, Duration: 21502ms, PromptTokens: 2262, CompletionTokens: 506, Cost: $0.00043
2026-02-23 09:53:38,586 - Knowledge - INFO - process ingested knowledge for /app/data/T0015/325511/b5520qt/entservices-infra-325511/Analytics/Implementation/LocalStore/DatabaseConnection.cpp
2026-02-23 09:53:38,722 - Knowledge - INFO - process ingested knowledge for /app/data/T0015/325511/b5520qt/entservices-infra-325511/StorageManager/StorageManagerImplementation.h
2026-02-23 09:53:38,870 - Knowledge - INFO - process ingested knowledge for /app/data/T0015/325511/b5520qt/entservices-infra-325511/Analytics/Implementation/Backend/AnalyticsBackendLoader.cpp
2026-02-23 09:53:39,033 - Knowledge - INFO - done ingest for /app/data/T0015/325511/b5520qt/entservices-infra-325511/Monitor/MonitorJsonRpc.cpp
2026-02-23 09:53:39,177 - Knowledge - INFO - process ingested knowledge for /app/data/T0015/325511/b5520qt/entservices-infra-325511/Analytics/Implementation/LocalStore/CMakeLists.txt
2026-02-23 09:53:39,325 - Knowledge - INFO - process ingested knowledge for /app/data/T0015/325511/b5520qt/entservices-infra-325511/StorageManager/StorageManager.h
2026-02-23 09:53:39,371 - Knowledge - INFO - Processing batch of 6 files
2026-02-23 09:53:39,948 - Knowledge - INFO - process ingested knowledge for /app/data/T0015/325511/b5520qt/entservices-infra-325511/Analytics/Implementation/LocalStore/LocalStore.h
2026-02-23 09:53:40,164 - Knowledge - INFO - process ingested knowledge for /app/data/T0015/325511/b5520qt/entservices-infra-325511/Analytics/Implementation/Interfaces/ISystemTime.h
2026-02-23 09:53:40,785 - Knowledge - INFO - [LLM_CALL] Completed: RequestHandler.h:chunk1, Duration: 25136ms, PromptTokens: 2356, CompletionTokens: 1006, Cost: $0.00064
2026-02-23 09:53:41,044 - Knowledge - INFO - done ingest for /app/data/T0015/325511/b5520qt/entservices-infra-325511/StorageManager/RequestHandler.h
2026-02-23 09:53:41,129 - Knowledge - INFO - process ingested knowledge for /app/data/T0015/325511/b5520qt/entservices-infra-325511/Analytics/Implementation/Interfaces/ILocalStore.h
2026-02-23 09:53:41,533 - Knowledge - INFO - [LLM_CALL] Completed: StorageManagerImplementation.cpp:chunk1, Duration: 22063ms, PromptTokens: 5108, CompletionTokens: 679, Cost: $0.00078
2026-02-23 09:53:41,811 - Knowledge - INFO - done ingest for /app/data/T0015/325511/b5520qt/entservices-infra-325511/StorageManager/StorageManagerImplementation.cpp
2026-02-23 09:53:42,318 - Knowledge - INFO - process ingested knowledge for /app/data/T0015/325511/b5520qt/entservices-infra-325511/Analytics/Implementation/Interfaces/IAnalyticsBackend.h
2026-02-23 09:53:42,920 - Knowledge - INFO - [LLM_CALL] Completed: UserSettingsImplementation.h:chunk1, Duration: 33300ms, PromptTokens: 5424, CompletionTokens: 2169, Cost: $0.00141
2026-02-23 09:53:43,214 - Knowledge - INFO - done ingest for /app/data/T0015/325511/b5520qt/entservices-infra-325511/UserSettings/UserSettingsImplementation.h
2026-02-23 09:53:43,215 - Knowledge - INFO - [LLM_CALL] Completed: Analytics.cpp:chunk1, Duration: 16618ms, PromptTokens: 2666, CompletionTokens: 513, Cost: $0.00047
2026-02-23 09:53:43,396 - Knowledge - INFO - process ingested knowledge for /app/data/T0015/325511/b5520qt/entservices-infra-325511/Analytics/Implementation/AnalyticsImplementation.cpp
2026-02-23 09:53:43,649 - Knowledge - INFO - done ingest for /app/data/T0015/325511/b5520qt/entservices-infra-325511/Analytics/Analytics.cpp
2026-02-23 09:53:43,650 - Knowledge - INFO - [LLM_CALL] Completed: Monitor.h:chunk1, Duration: 22397ms, PromptTokens: 16148, CompletionTokens: 1126, Cost: $0.00207
2026-02-23 09:53:43,862 - Knowledge - INFO - process ingested knowledge for /app/data/T0015/325511/b5520qt/entservices-infra-325511/Analytics/Analytics.h
2026-02-23 09:53:43,931 - Knowledge - INFO - done ingest for /app/data/T0015/325511/b5520qt/entservices-infra-325511/Monitor/Monitor.h
2026-02-23 09:53:44,012 - Knowledge - INFO - [WEBSOCKET] Sent: Type=progress_update, Size: 290, Duration: 0ms
2026-02-23 09:53:44,012 - Knowledge - INFO - [kw2] Queue=355, InProgress=0, PendingWorkers=20/20, Completed=32/475 (6.7%)
2026-02-23 09:53:44,090 - Knowledge - INFO - process ingested knowledge for /app/data/T0015/325511/b5520qt/entservices-infra-325511/Analytics/CMakeLists.txt
2026-02-23 09:53:44,323 - Knowledge - INFO - [WEBSOCKET] Sent: Type=unknown, Size: ?, Duration: 311ms
2026-02-23 09:53:44,422 - Knowledge - INFO - Batch sizing: calculated=6, max_allowed=10, queue=355, active_workers=20/20
2026-02-23 09:53:44,603 - Knowledge - INFO - Progress: 6.1% | Files: 37/475 | Rate: 0.73 files/sec | Queue: 355
2026-02-23 09:53:44,652 - Knowledge - INFO - [kw6] Queue=355, InProgress=0, PendingWorkers=20/20, Completed=37/475 (7.8%)
2026-02-23 09:53:44,657 - Knowledge - INFO - Processing batch of 6 files
2026-02-23 09:53:44,659 - Knowledge - INFO - Processing batch of 6 files
2026-02-23 09:53:44,659 - Knowledge - INFO - Processing batch of 6 files
2026-02-23 09:53:44,661 - Knowledge - INFO - Processing batch of 6 files
2026-02-23 09:53:44,732 - Knowledge - INFO - Async storing batch of 6 embeddings
2026-02-23 09:53:44,817 - Knowledge - INFO - [kw5] Queue=349, InProgress=0, PendingWorkers=20/20, Completed=48/475 (10.1%)
2026-02-23 09:53:44,917 - Knowledge - INFO - Batch sizing: calculated=6, max_allowed=10, queue=355, active_workers=20/20
2026-02-23 09:53:45,000 - Knowledge - INFO - process ingested knowledge for /app/data/T0015/325511/b5520qt/entservices-infra-325511/StorageManager/CMakeLists.txt
2026-02-23 09:53:45,022 - Knowledge - INFO - [kw8] Queue=349, InProgress=0, PendingWorkers=20/20, Completed=48/475 (10.1%)
2026-02-23 09:53:45,082 - Knowledge - INFO - process ingested knowledge for /app/data/T0015/325511/b5520qt/entservices-infra-325511/StorageManager/CHANGELOG.md
2026-02-23 09:53:45,172 - Knowledge - INFO - process ingested knowledge for /app/data/T0015/325511/b5520qt/entservices-infra-325511/Analytics/Analytics.cpp
2026-02-23 09:53:45,347 - Knowledge - INFO - process ingested knowledge for /app/data/T0015/325511/b5520qt/entservices-infra-325511/UserSettings/Module.h
2026-02-23 09:53:45,420 - Knowledge - INFO - Worker kw2 processing /app/data/T0015/325511/b5520qt/entservices-infra-325511/Migration/Module.h
2026-02-23 09:53:45,523 - Knowledge - INFO - Batch sizing: calculated=6, max_allowed=10, queue=349, active_workers=20/20
2026-02-23 09:53:45,611 - Knowledge - INFO - Async storing batch of 6 embeddings
2026-02-23 09:53:45,747 - Knowledge - INFO - process ingested knowledge for /app/data/T0015/325511/b5520qt/entservices-infra-325511/StorageManager/StorageManager.cpp
2026-02-23 09:53:45,821 - Knowledge - INFO - Batch sizing: calculated=6, max_allowed=10, queue=349, active_workers=20/20
2026-02-23 09:53:45,898 - Knowledge - INFO - process ingested knowledge for /app/data/T0015/325511/b5520qt/entservices-infra-325511/cov_build.sh
2026-02-23 09:53:46,010 - Knowledge - INFO - process ingested knowledge for /app/data/T0015/325511/b5520qt/entservices-infra-325511/Analytics/Tests/AnalyticsBackendMock/CMakeLists.txt
2026-02-23 09:53:46,120 - Knowledge - INFO - process ingested knowledge for /app/data/T0015/325511/b5520qt/entservices-infra-325511/UserSettings/UserSettingsImplementation.h
2026-02-23 09:53:46,202 - Knowledge - INFO - Fast-tracked /app/data/T0015/325511/b5520qt/entservices-infra-325511/Migration/Module.h (ext=.h, size=872)
2026-02-23 09:53:46,302 - Knowledge - INFO - Async storing batch of 6 embeddings
2026-02-23 09:53:46,392 - Knowledge - INFO - Worker kw6 processing /app/data/T0015/325511/b5520qt/entservices-infra-325511/Migration/Module.cpp
2026-02-23 09:53:46,489 - Knowledge - INFO - process ingested knowledge for /app/data/T0015/325511/b5520qt/entservices-infra-325511/StorageManager/RequestHandler.h
2026-02-23 09:53:46,576 - Knowledge - INFO - Async storing batch of 6 embeddings
2026-02-23 09:53:46,712 - Knowledge - INFO - process ingested knowledge for /app/data/T0015/325511/b5520qt/entservices-infra-325511/Monitor/MonitorJsonRpc.cpp
2026-02-23 09:53:46,793 - Knowledge - INFO - process ingested knowledge for /app/data/T0015/325511/b5520qt/entservices-infra-325511/Analytics/Tests/AnalyticsBackendMock/AnalyticsBackendMock.cpp
2026-02-23 09:53:46,878 - Knowledge - INFO - process ingested knowledge for /app/data/T0015/325511/b5520qt/entservices-infra-325511/UserSettings/UserSettings.h
2026-02-23 09:53:46,970 - Knowledge - INFO - Worker kw2 processing /app/data/T0015/325511/b5520qt/entservices-infra-325511/Migration/MigrationImplementation.h
2026-02-23 09:53:47,088 - Knowledge - INFO - Worker kw5 processing /app/data/T0015/325511/b5520qt/entservices-infra-325511/SceneSet/Module.cpp
2026-02-23 09:53:47,185 - Knowledge - INFO - Fast-tracked /app/data/T0015/325511/b5520qt/entservices-infra-325511/Migration/Module.cpp (ext=.cpp, size=763)
2026-02-23 09:53:47,259 - Knowledge - INFO - process ingested knowledge for /app/data/T0015/325511/b5520qt/entservices-infra-325511/StorageManager/README.md
2026-02-23 09:53:47,449 - Knowledge - INFO - Worker kw8 processing /app/data/T0015/325511/b5520qt/entservices-infra-325511/USBDevice/USBDevice.cpp
2026-02-23 09:53:47,587 - Knowledge - INFO - process ingested knowledge for /app/data/T0015/325511/b5520qt/entservices-infra-325511/Monitor/Module.h
2026-02-23 09:53:47,667 - Knowledge - INFO - process ingested knowledge for /app/data/T0015/325511/b5520qt/entservices-infra-325511/Analytics/Module.cpp
2026-02-23 09:53:47,754 - Knowledge - INFO - process ingested knowledge for /app/data/T0015/325511/b5520qt/entservices-infra-325511/UserSettings/CMakeLists.txt
2026-02-23 09:53:47,820 - Knowledge - INFO - Fast-tracked /app/data/T0015/325511/b5520qt/entservices-infra-325511/TelemetryMetrics/TelemetryMetrics.h (small file (2028 bytes))
2026-02-23 09:53:47,849 - Knowledge - INFO - Fast-tracked /app/data/T0015/325511/b5520qt/entservices-infra-325511/Migration/MigrationImplementation.h (ext=.h, size=1936)
2026-02-23 09:53:47,928 - Knowledge - INFO - Fast-tracked /app/data/T0015/325511/b5520qt/entservices-infra-325511/SceneSet/Module.cpp (ext=.cpp, size=762)
2026-02-23 09:53:48,042 - Knowledge - INFO - Worker kw6 processing /app/data/T0015/325511/b5520qt/entservices-infra-325511/Migration/CHANGELOG.md
2026-02-23 09:53:48,127 - Knowledge - INFO - process ingested knowledge for /app/data/T0015/325511/b5520qt/entservices-infra-325511/StorageManager/Module.cpp
2026-02-23 09:53:48,247 - Knowledge - INFO - Worker kw8 processing /app/data/T0015/325511/b5520qt/entservices-infra-325511/USBDevice/Module.cpp
2026-02-23 09:53:48,323 - Knowledge - INFO - process ingested knowledge for /app/data/T0015/325511/b5520qt/entservices-infra-325511/Monitor/doc/MonitorPlugin.md
2026-02-23 09:53:48,415 - Knowledge - INFO - process ingested knowledge for /app/data/T0015/325511/b5520qt/entservices-infra-325511/Analytics/CHANGELOG.md
2026-02-23 09:53:48,543 - Knowledge - INFO - process ingested knowledge for /app/data/T0015/325511/b5520qt/entservices-infra-325511/UserSettings/UserSettings.cpp
2026-02-23 09:53:48,743 - Knowledge - INFO - Worker kw2 processing /app/data/T0015/325511/b5520qt/entservices-infra-325511/Migration/CMakeLists.txt
2026-02-23 09:53:48,841 - Knowledge - INFO - Worker kw5 processing /app/data/T0015/325511/b5520qt/entservices-infra-325511/USBDevice/USBDevice.h
2026-02-23 09:53:48,963 - Knowledge - INFO - Fast-tracked /app/data/T0015/325511/b5520qt/entservices-infra-325511/Migration/CHANGELOG.md (ext=.md, size=1015)
2026-02-23 09:53:49,042 - Knowledge - INFO - process ingested knowledge for /app/data/T0015/325511/b5520qt/entservices-infra-325511/StorageManager/StorageManagerImplementation.cpp
2026-02-23 09:53:49,124 - Knowledge - INFO - Fast-tracked /app/data/T0015/325511/b5520qt/entservices-infra-325511/USBDevice/Module.cpp (ext=.cpp, size=763)
2026-02-23 09:53:49,244 - Knowledge - INFO - process ingested knowledge for /app/data/T0015/325511/b5520qt/entservices-infra-325511/Monitor/Monitor.h
2026-02-23 09:53:49,393 - Knowledge - INFO - process ingested knowledge for /app/data/T0015/325511/b5520qt/entservices-infra-325511/NativeJS/NativeJSImplementation.h
2026-02-23 09:53:49,547 - Knowledge - INFO - process ingested knowledge for /app/data/T0015/325511/b5520qt/entservices-infra-325511/UserSettings/Module.cpp
2026-02-23 09:53:49,668 - Knowledge - INFO - Fast-tracked /app/data/T0015/325511/b5520qt/entservices-infra-325511/Migration/CMakeLists.txt (ext=.txt, size=2612)
2026-02-23 09:53:49,752 - Knowledge - INFO - Worker kw5 processing /app/data/T0015/325511/b5520qt/entservices-infra-325511/USBDevice/Module.h
2026-02-23 09:53:49,840 - Knowledge - INFO - Worker kw6 processing /app/data/T0015/325511/b5520qt/entservices-infra-325511/SceneSet/SceneSet.h
2026-02-23 09:53:50,016 - Knowledge - INFO - Fast-tracked /app/data/T0015/325511/b5520qt/entservices-infra-325511/CloudStore/grpc/l0test/SecureStorageServiceMock.h (small file (2124 bytes))
2026-02-23 09:53:50,100 - Knowledge - INFO - Worker kw8 processing /app/data/T0015/325511/b5520qt/entservices-infra-325511/USBDevice/CHANGELOG.md
2026-02-23 09:53:50,487 - Knowledge - INFO - Worker kw2 processing /app/data/T0015/325511/b5520qt/entservices-infra-325511/Migration/MigrationImplementation.cpp
2026-02-23 09:53:50,597 - Knowledge - INFO - Fast-tracked /app/data/T0015/325511/b5520qt/entservices-infra-325511/USBDevice/Module.h (ext=.h, size=871)
2026-02-23 09:53:50,755 - Knowledge - INFO - Worker kw6 processing /app/data/T0015/325511/b5520qt/entservices-infra-325511/SceneSet/Module.h
2026-02-23 09:53:50,999 - Knowledge - INFO - Fast-tracked /app/data/T0015/325511/b5520qt/entservices-infra-325511/USBDevice/CHANGELOG.md (ext=.md, size=1013)
2026-02-23 09:53:51,133 - Knowledge - INFO - Worker kw2 processing /app/data/T0015/325511/b5520qt/entservices-infra-325511/Migration/README.md
2026-02-23 09:53:51,237 - Knowledge - INFO - Worker kw5 processing /app/data/T0015/325511/b5520qt/entservices-infra-325511/USBDevice/USBDeviceImplementation.h
2026-02-23 09:53:51,431 - Knowledge - INFO - Fast-tracked /app/data/T0015/325511/b5520qt/entservices-infra-325511/SceneSet/Module.h (ext=.h, size=897)
2026-02-23 09:53:51,554 - Knowledge - INFO - Worker kw8 processing /app/data/T0015/325511/b5520qt/entservices-infra-325511/MessageControl/Module.h
2026-02-23 09:53:51,706 - Knowledge - INFO - Fast-tracked /app/data/T0015/325511/b5520qt/entservices-infra-325511/Migration/README.md (ext=.md, size=1131)
2026-02-23 09:53:51,838 - Knowledge - INFO - Worker kw5 processing /app/data/T0015/325511/b5520qt/entservices-infra-325511/USBDevice/CMakeLists.txt
2026-02-23 09:53:51,970 - Knowledge - INFO - Worker kw6 processing /app/data/T0015/325511/b5520qt/entservices-infra-325511/SceneSet/CMakeLists.txt
2026-02-23 09:53:52,129 - Knowledge - INFO - Fast-tracked /app/data/T0015/325511/b5520qt/entservices-infra-325511/MessageControl/Module.h (ext=.h, size=1029)
2026-02-23 09:53:52,224 - Knowledge - INFO - Worker kw2 processing /app/data/T0015/325511/b5520qt/entservices-infra-325511/Migration/Migration.cpp
2026-02-23 09:53:52,353 - Knowledge - INFO - Fast-tracked /app/data/T0015/325511/b5520qt/entservices-infra-325511/USBDevice/CMakeLists.txt (ext=.txt, size=3489)
2026-02-23 09:53:52,733 - Knowledge - INFO - Fast-tracked /app/data/T0015/325511/b5520qt/entservices-infra-325511/SceneSet/CMakeLists.txt (ext=.txt, size=2267)
2026-02-23 09:53:52,828 - Knowledge - INFO - Worker kw8 processing /app/data/T0015/325511/b5520qt/entservices-infra-325511/MessageControl/MessageControl.h
2026-02-23 09:53:53,032 - Knowledge - INFO - Worker kw5 processing /app/data/T0015/325511/b5520qt/entservices-infra-325511/USBDevice/USBDeviceImplementation.cpp
2026-02-23 09:53:53,175 - Knowledge - INFO - Worker kw6 processing /app/data/T0015/325511/b5520qt/entservices-infra-325511/SceneSet/SceneSet.cpp
2026-02-23 09:53:53,329 - Knowledge - INFO - [LLM_CALL] Completed: NativeJSImplementation.cpp:chunk1, Duration: 17938ms, PromptTokens: 2864, CompletionTokens: 486, Cost: $0.00048
2026-02-23 09:53:53,389 - Knowledge - INFO - Worker kw8 processing /app/data/T0015/325511/b5520qt/entservices-infra-325511/MessageControl/MessageOutput.h
2026-02-23 09:53:53,787 - Knowledge - INFO - done ingest for /app/data/T0015/325511/b5520qt/entservices-infra-325511/NativeJS/NativeJSImplementation.cpp
2026-02-23 09:53:53,907 - Knowledge - INFO - [WEBSOCKET] Sent: Type=progress_update, Size: 291, Duration: 0ms
2026-02-23 09:53:54,175 - Knowledge - INFO - [WEBSOCKET] Sent: Type=unknown, Size: ?, Duration: 269ms
2026-02-23 09:53:54,353 - Knowledge - INFO - Progress: 10.1% | Files: 48/475 | Rate: 0.79 files/sec | Queue: 331
2026-02-23 09:53:54,354 - Knowledge - INFO - [LLM_CALL] Completed: NativeJSPlugin.cpp:chunk1, Duration: 27749ms, PromptTokens: 2092, CompletionTokens: 461, Cost: $0.00039
2026-02-23 09:53:54,362 - Knowledge - INFO - [kw4] Queue=331, InProgress=0, PendingWorkers=20/20, Completed=48/475 (10.1%)
2026-02-23 09:53:54,765 - Knowledge - INFO - done ingest for /app/data/T0015/325511/b5520qt/entservices-infra-325511/NativeJS/NativeJSPlugin.cpp
2026-02-23 09:53:54,774 - Knowledge - INFO - [kw3] Queue=331, InProgress=0, PendingWorkers=20/20, Completed=48/475 (10.1%)
2026-02-23 09:53:54,810 - Knowledge - INFO - [kw9] Queue=331, InProgress=0, PendingWorkers=20/20, Completed=48/475 (10.1%)
2026-02-23 09:53:54,842 - Knowledge - INFO - Batch sizing: calculated=6, max_allowed=10, queue=331, active_workers=20/20
2026-02-23 09:53:54,842 - Knowledge - INFO - [kw1] Queue=331, InProgress=0, PendingWorkers=20/20, Completed=48/475 (10.1%)
2026-02-23 09:53:55,118 - Knowledge - INFO - Batch sizing: calculated=6, max_allowed=10, queue=331, active_workers=20/20
2026-02-23 09:53:55,284 - Knowledge - INFO - Batch sizing: calculated=6, max_allowed=10, queue=331, active_workers=20/20
2026-02-23 09:53:55,427 - Knowledge - INFO - Async storing batch of 6 embeddings
2026-02-23 09:53:55,527 - Knowledge - INFO - Batch sizing: calculated=6, max_allowed=10, queue=331, active_workers=20/20
2026-02-23 09:53:55,708 - Knowledge - INFO - [LLM_CALL] Completed: RDKWindowManagerImplementation.h:chunk1, Duration: 22543ms, PromptTokens: 4190, CompletionTokens: 1023, Cost: $0.00083
2026-02-23 09:53:55,916 - Knowledge - INFO - Worker kw4 processing /app/data/T0015/325511/b5520qt/entservices-infra-325511/MessageControl/CMakeLists.txt
2026-02-23 09:53:56,183 - Knowledge - INFO - done ingest for /app/data/T0015/325511/b5520qt/entservices-infra-325511/RDKWindowManager/RDKWindowManagerImplementation.h
2026-02-23 09:53:56,184 - Knowledge - INFO - Async storing batch of 6 embeddings
2026-02-23 09:53:56,185 - Knowledge - INFO - Async storing batch of 6 embeddings
2026-02-23 09:53:56,187 - Knowledge - INFO - Async storing batch of 6 embeddings
2026-02-23 09:53:56,300 - Knowledge - INFO - Processing batch of 6 files
2026-02-23 09:53:56,322 - Knowledge - INFO - Fast-tracked /app/data/T0015/325511/b5520qt/entservices-infra-325511/MessageControl/CMakeLists.txt (ext=.txt, size=2165)
2026-02-23 09:53:56,819 - Knowledge - INFO - Worker kw9 processing /app/data/T0015/325511/b5520qt/entservices-infra-325511/OCIContainer/Module.h
2026-02-23 09:53:57,021 - Knowledge - INFO - Worker kw1 processing /app/data/T0015/325511/b5520qt/entservices-infra-325511/OCIContainer/OCIContainerImplementation.cpp
2026-02-23 09:53:57,130 - Knowledge - INFO - Worker kw3 processing /app/data/T0015/325511/b5520qt/entservices-infra-325511/OCIContainer/test/DobbySpecs/helloworld.json
2026-02-23 09:53:57,259 - Knowledge - INFO - Processing batch of 6 files
2026-02-23 09:53:57,267 - Knowledge - INFO - process ingested knowledge for /app/data/T0015/325511/b5520qt/entservices-infra-325511/NativeJS/NativeJSPlugin.cpp
2026-02-23 09:53:57,452 - Knowledge - INFO - Worker kw4 processing /app/data/T0015/325511/b5520qt/entservices-infra-325511/MessageControl/MessageControlImplementation.cpp
2026-02-23 09:53:57,642 - Knowledge - INFO - Fast-tracked /app/data/T0015/325511/b5520qt/entservices-infra-325511/OCIContainer/Module.h (ext=.h, size=876)
2026-02-23 09:53:57,799 - Knowledge - INFO - Worker kw1 processing /app/data/T0015/325511/b5520qt/entservices-infra-325511/OCIContainer/README.md
2026-02-23 09:53:57,974 - Knowledge - INFO - Fast-tracked /app/data/T0015/325511/b5520qt/entservices-infra-325511/OCIContainer/test/DobbySpecs/helloworld.json (ext=.json, size=480)
2026-02-23 09:53:58,027 - Knowledge - INFO - [LLM_CALL] Completed: Store2Test.cpp:chunk1, Duration: 23162ms, PromptTokens: 5502, CompletionTokens: 433, Cost: $0.00072
2026-02-23 09:53:58,101 - Knowledge - INFO - process ingested knowledge for /app/data/T0015/325511/b5520qt/entservices-infra-325511/CloudStore/CloudStoreImplementation.cpp
2026-02-23 09:53:58,206 - Knowledge - INFO - process ingested knowledge for /app/data/T0015/325511/b5520qt/entservices-infra-325511/NativeJS/Module.h
2026-02-23 09:53:58,308 - Knowledge - INFO - Worker kw4 processing /app/data/T0015/325511/b5520qt/entservices-infra-325511/MessageControl/Module.cpp
2026-02-23 09:53:58,398 - Knowledge - INFO - Worker kw9 processing /app/data/T0015/325511/b5520qt/entservices-infra-325511/OCIContainer/DobbyInterface.cpp
2026-02-23 09:53:58,477 - Knowledge - INFO - Fast-tracked /app/data/T0015/325511/b5520qt/entservices-infra-325511/OCIContainer/README.md (ext=.md, size=8825)
2026-02-23 09:53:58,556 - Knowledge - INFO - Worker kw3 processing /app/data/T0015/325511/b5520qt/entservices-infra-325511/OCIContainer/test/DobbySpecs/sleepy.json
2026-02-23 09:53:58,652 - Knowledge - INFO - done ingest for /app/data/T0015/325511/b5520qt/entservices-infra-325511/CloudStore/grpc/l0test/Store2Test.cpp
2026-02-23 09:53:58,653 - Knowledge - INFO - [LLM_CALL] Completed: LocalStore.cpp:chunk1, Duration: 42971ms, PromptTokens: 4226, CompletionTokens: 653, Cost: $0.00068
2026-02-23 09:53:58,734 - Knowledge - INFO - process ingested knowledge for /app/data/T0015/325511/b5520qt/entservices-infra-325511/CloudStore/Module.cpp
2026-02-23 09:53:58,840 - Knowledge - INFO - process ingested knowledge for /app/data/T0015/325511/b5520qt/entservices-infra-325511/NativeJS/CMakeLists.txt
2026-02-23 09:53:58,927 - Knowledge - INFO - Fast-tracked /app/data/T0015/325511/b5520qt/entservices-infra-325511/MessageControl/Module.cpp (ext=.cpp, size=781)
2026-02-23 09:53:59,007 - Knowledge - INFO - Worker kw9 processing /app/data/T0015/325511/b5520qt/entservices-infra-325511/OCIContainer/OCIContainerImplementation.h
2026-02-23 09:53:59,092 - Knowledge - INFO - Worker kw1 processing /app/data/T0015/325511/b5520qt/entservices-infra-325511/OCIContainer/Module.cpp
2026-02-23 09:53:59,178 - Knowledge - INFO - Fast-tracked /app/data/T0015/325511/b5520qt/entservices-infra-325511/OCIContainer/test/DobbySpecs/sleepy.json (ext=.json, size=477)
2026-02-23 09:53:59,488 - Knowledge - INFO - done ingest for /app/data/T0015/325511/b5520qt/entservices-infra-325511/Analytics/Implementation/LocalStore/LocalStore.cpp
2026-02-23 09:53:59,615 - Knowledge - INFO - process ingested knowledge for /app/data/T0015/325511/b5520qt/entservices-infra-325511/CloudStore/CHANGELOG.md
2026-02-23 09:53:59,786 - Knowledge - INFO - [LLM_CALL] Completed: CloudStoreTest.cpp:chunk1, Duration: 32785ms, PromptTokens: 4486, CompletionTokens: 668, Cost: $0.00072
2026-02-23 09:53:59,809 - Knowledge - INFO - process ingested knowledge for /app/data/T0015/325511/b5520qt/entservices-infra-325511/NativeJS/NativeJSPlugin.h
2026-02-23 09:53:59,904 - Knowledge - INFO - Worker kw4 processing /app/data/T0015/325511/b5520qt/entservices-infra-325511/MessageControl/MessageControl.cpp
2026-02-23 09:54:00,004 - Knowledge - INFO - Worker kw9 processing /app/data/T0015/325511/b5520qt/entservices-infra-325511/OCIContainer/CMakeLists.txt
2026-02-23 09:54:00,095 - Knowledge - INFO - Fast-tracked /app/data/T0015/325511/b5520qt/entservices-infra-325511/OCIContainer/Module.cpp (ext=.cpp, size=765)
2026-02-23 09:54:00,177 - Knowledge - INFO - Worker kw3 processing /app/data/T0015/325511/b5520qt/entservices-infra-325511/OCIContainer/test/DobbySpecs/wget.json
2026-02-23 09:54:00,600 - Knowledge - INFO - process ingested knowledge for /app/data/T0015/325511/b5520qt/entservices-infra-325511/RDKWindowManager/RDKWindowManagerImplementation.h
2026-02-23 09:54:00,775 - Knowledge - INFO - done ingest for /app/data/T0015/325511/b5520qt/entservices-infra-325511/CloudStore/l0test/CloudStoreTest.cpp
2026-02-23 09:54:00,840 - Knowledge - INFO - process ingested knowledge for /app/data/T0015/325511/b5520qt/entservices-infra-325511/NativeJS/README.md
2026-02-23 09:54:01,003 - Knowledge - INFO - Worker kw4 processing /app/data/T0015/325511/b5520qt/entservices-infra-325511/MessageControl/CHANGELOG.md
2026-02-23 09:54:01,131 - Knowledge - INFO - Fast-tracked /app/data/T0015/325511/b5520qt/entservices-infra-325511/OCIContainer/CMakeLists.txt (ext=.txt, size=3592)
2026-02-23 09:54:01,228 - Knowledge - INFO - Worker kw1 processing /app/data/T0015/325511/b5520qt/entservices-infra-325511/OCIContainer/DobbyInterface.h
2026-02-23 09:54:01,318 - Knowledge - INFO - [LLM_CALL] Completed: AnalyticsImplementation.h:chunk1, Duration: 26609ms, PromptTokens: 3096, CompletionTokens: 594, Cost: $0.00055
2026-02-23 09:54:01,321 - Knowledge - INFO - Fast-tracked /app/data/T0015/325511/b5520qt/entservices-infra-325511/OCIContainer/test/DobbySpecs/wget.json (ext=.json, size=744)
2026-02-23 09:54:01,426 - Knowledge - INFO - process ingested knowledge for /app/data/T0015/325511/b5520qt/entservices-infra-325511/RDKWindowManager/test/README.md
2026-02-23 09:54:01,649 - Knowledge - INFO - process ingested knowledge for /app/data/T0015/325511/b5520qt/entservices-infra-325511/NativeJS/NativeJSImplementation.cpp
2026-02-23 09:54:01,696 - Knowledge - INFO - Fast-tracked /app/data/T0015/325511/b5520qt/entservices-infra-325511/Migration/Migration.h (small file (2224 bytes))
2026-02-23 09:54:01,777 - Knowledge - INFO - Fast-tracked /app/data/T0015/325511/b5520qt/entservices-infra-325511/MessageControl/CHANGELOG.md (ext=.md, size=1015)
2026-02-23 09:54:01,895 - Knowledge - INFO - Worker kw9 processing /app/data/T0015/325511/b5520qt/entservices-infra-325511/OCIContainer/stubs/i_omi_proxy.hpp
2026-02-23 09:54:02,006 - Knowledge - INFO - Worker kw1 processing /app/data/T0015/325511/b5520qt/entservices-infra-325511/OCIContainer/CHANGELOG.md
2026-02-23 09:54:02,082 - Knowledge - INFO - done ingest for /app/data/T0015/325511/b5520qt/entservices-infra-325511/Analytics/Implementation/AnalyticsImplementation.h
2026-02-23 09:54:02,132 - Knowledge - INFO - Processing batch of 6 files
2026-02-23 09:54:02,165 - Knowledge - INFO - Worker kw3 processing /app/data/T0015/325511/b5520qt/entservices-infra-325511/OCIContainer/test/thunder-ocicontainer-test.js
2026-02-23 09:54:02,255 - Knowledge - INFO - process ingested knowledge for /app/data/T0015/325511/b5520qt/entservices-infra-325511/RDKWindowManager/test/RDKWMJsonL3Test.sh
2026-02-23 09:54:02,485 - Knowledge - INFO - [LLM_CALL] Completed: TelemetryFilters.h:chunk1, Duration: 13850ms, PromptTokens: 2686, CompletionTokens: 128, Cost: $0.00032
2026-02-23 09:54:02,603 - Knowledge - INFO - Worker kw4 processing /app/data/T0015/325511/b5520qt/entservices-infra-325511/MessageControl/MessageOutput.cpp
2026-02-23 09:54:02,722 - Knowledge - INFO - Worker kw9 processing /app/data/T0015/325511/b5520qt/entservices-infra-325511/OCIContainer/stubs/omi_proxy.hpp
2026-02-23 09:54:02,800 - Knowledge - INFO - Fast-tracked /app/data/T0015/325511/b5520qt/entservices-infra-325511/OCIContainer/CHANGELOG.md (ext=.md, size=1015)
2026-02-23 09:54:03,012 - Knowledge - INFO - process ingested knowledge for /app/data/T0015/325511/b5520qt/entservices-infra-325511/CloudStore/l0test/CloudStoreTest.cpp
2026-02-23 09:54:03,217 - Knowledge - INFO - Fast-tracked /app/data/T0015/325511/b5520qt/entservices-infra-325511/OCIContainer/test/thunder-ocicontainer-test.js (ext=.js, size=12423)
2026-02-23 09:54:03,446 - Knowledge - INFO - done ingest for /app/data/T0015/325511/b5520qt/entservices-infra-325511/TelemetryMetrics/TelemetryFilters.h
2026-02-23 09:54:03,627 - Knowledge - INFO - [WEBSOCKET] Sent: Type=progress_update, Size: 289, Duration: 0ms
2026-02-23 09:54:03,653 - Knowledge - INFO - Fast-tracked /app/data/T0015/325511/b5520qt/entservices-infra-325511/OCIContainer/stubs/omi_proxy.hpp (ext=.hpp, size=1493)
2026-02-23 09:54:03,732 - Knowledge - INFO - Worker kw1 processing /app/data/T0015/325511/b5520qt/entservices-infra-325511/OCIContainer/OCIContainer.cpp
2026-02-23 09:54:04,009 - Knowledge - INFO - process ingested knowledge for /app/data/T0015/325511/b5520qt/entservices-infra-325511/CloudStore/grpc/l0test/WorkerPoolImplementation.h
2026-02-23 09:54:04,061 - Knowledge - INFO - Worker kw3 processing /app/data/T0015/325511/b5520qt/entservices-infra-325511/OCIContainer/test/ociContainerTest.sh
2026-02-23 09:54:04,223 - Knowledge - INFO - [LLM_CALL] Completed: SystemTime.cpp:chunk1, Duration: 37605ms, PromptTokens: 7552, CompletionTokens: 584, Cost: $0.00099
2026-02-23 09:54:04,497 - Knowledge - INFO - process ingested knowledge for /app/data/T0015/325511/b5520qt/entservices-infra-325511/CloudStore/grpc/l0test/Store2Test.cpp
2026-02-23 09:54:04,681 - Knowledge - INFO - Fast-tracked /app/data/T0015/325511/b5520qt/entservices-infra-325511/OCIContainer/test/ociContainerTest.sh (ext=.sh, size=8327)
2026-02-23 09:54:04,795 - Knowledge - INFO - done ingest for /app/data/T0015/325511/b5520qt/entservices-infra-325511/Analytics/Implementation/SystemTime/SystemTime.cpp
2026-02-23 09:54:04,798 - Knowledge - INFO - [WEBSOCKET] Sent: Type=unknown, Size: ?, Duration: 1171ms
2026-02-23 09:54:04,888 - Knowledge - INFO - process ingested knowledge for /app/data/T0015/325511/b5520qt/entservices-infra-325511/CloudStore/grpc/l0test/CMakeLists.txt
2026-02-23 09:54:05,086 - Knowledge - INFO - Worker kw3 processing /app/data/T0015/325511/b5520qt/entservices-infra-325511/OCIContainer/OCIContainer.h
2026-02-23 09:54:05,343 - Knowledge - INFO - Progress: 13.9% | Files: 66/475 | Rate: 0.94 files/sec | Queue: 307
2026-02-23 09:54:05,406 - Knowledge - INFO - [kw14] Queue=307, InProgress=0, PendingWorkers=20/20, Completed=66/475 (13.9%)
2026-02-23 09:54:05,441 - Knowledge - INFO - process ingested knowledge for /app/data/T0015/325511/b5520qt/entservices-infra-325511/CloudStore/grpc/l0test/SecureStorageServiceMock.h
2026-02-23 09:54:05,735 - Knowledge - INFO - [kw10] Queue=307, InProgress=0, PendingWorkers=20/20, Completed=66/475 (13.9%)
2026-02-23 09:54:05,899 - Knowledge - INFO - Batch sizing: calculated=6, max_allowed=10, queue=307, active_workers=20/20
2026-02-23 09:54:06,242 - Knowledge - INFO - process ingested knowledge for /app/data/T0015/325511/b5520qt/entservices-infra-325511/CloudStore/grpc/l0test/Server.h
2026-02-23 09:54:06,412 - Knowledge - INFO - Batch sizing: calculated=6, max_allowed=10, queue=307, active_workers=20/20
2026-02-23 09:54:06,515 - Knowledge - INFO - Async storing batch of 6 embeddings
2026-02-23 09:54:06,918 - Knowledge - INFO - Worker kw14 processing /app/data/T0015/325511/b5520qt/entservices-infra-325511/OCIContainer/IEventHandler.h
2026-02-23 09:54:06,943 - Knowledge - INFO - [LLM_CALL] Completed: DatabaseConnection.h:chunk1, Duration: 47663ms, PromptTokens: 2268, CompletionTokens: 775, Cost: $0.00054
2026-02-23 09:54:07,174 - Knowledge - INFO - Fast-tracked /app/data/T0015/325511/b5520qt/entservices-infra-325511/OCIContainer/IEventHandler.h (ext=.h, size=1183)
2026-02-23 09:54:07,263 - Knowledge - INFO - done ingest for /app/data/T0015/325511/b5520qt/entservices-infra-325511/Analytics/Implementation/LocalStore/DatabaseConnection.h
2026-02-23 09:54:07,304 - Knowledge - INFO - Async storing batch of 6 embeddings
2026-02-23 09:54:07,448 - Knowledge - INFO - Worker kw14 processing /app/data/T0015/325511/b5520qt/entservices-infra-325511/CMakeLists.txt
2026-02-23 09:54:07,710 - Knowledge - INFO - Worker kw10 processing /app/data/T0015/325511/b5520qt/entservices-infra-325511/PersistentStore/sqlite/l1test/Store2NotificationMock.h
2026-02-23 09:54:07,731 - Knowledge - INFO - [LLM_CALL] Completed: TelemetryMetricsImplementation.cpp:chunk1, Duration: 31814ms, PromptTokens: 4594, CompletionTokens: 437, Cost: $0.00063
2026-02-23 09:54:07,935 - Knowledge - INFO - Fast-tracked /app/data/T0015/325511/b5520qt/entservices-infra-325511/CMakeLists.txt (ext=.txt, size=4378)
2026-02-23 09:54:08,069 - Knowledge - INFO - Fast-tracked /app/data/T0015/325511/b5520qt/entservices-infra-325511/PersistentStore/sqlite/l1test/Store2NotificationMock.h (ext=.h, size=1193)
2026-02-23 09:54:08,188 - Knowledge - INFO - done ingest for /app/data/T0015/325511/b5520qt/entservices-infra-325511/TelemetryMetrics/TelemetryMetricsImplementation.cpp
2026-02-23 09:54:08,300 - Knowledge - INFO - Worker kw14 processing /app/data/T0015/325511/b5520qt/entservices-infra-325511/PersistentStore/PersistentStore.h
2026-02-23 09:54:08,413 - Knowledge - INFO - Worker kw10 processing /app/data/T0015/325511/b5520qt/entservices-infra-325511/PersistentStore/sqlite/l1test/CMakeLists.txt
2026-02-23 09:54:08,718 - Knowledge - INFO - Worker kw14 processing /app/data/T0015/325511/b5520qt/entservices-infra-325511/PersistentStore/Module.h
2026-02-23 09:54:08,889 - Knowledge - INFO - Fast-tracked /app/data/T0015/325511/b5520qt/entservices-infra-325511/PersistentStore/sqlite/l1test/CMakeLists.txt (ext=.txt, size=1464)
2026-02-23 09:54:08,954 - Knowledge - INFO - Fast-tracked /app/data/T0015/325511/b5520qt/entservices-infra-325511/PersistentStore/Module.h (ext=.h, size=1122)
2026-02-23 09:54:09,169 - Knowledge - INFO - Worker kw10 processing /app/data/T0015/325511/b5520qt/entservices-infra-325511/PersistentStore/PersistentStoreImplementation.h
2026-02-23 09:54:09,328 - Knowledge - INFO - Worker kw14 processing /app/data/T0015/325511/b5520qt/entservices-infra-325511/PersistentStore/sqlite/Store2.h
2026-02-23 09:54:09,453 - Knowledge - INFO - Worker kw10 processing /app/data/T0015/325511/b5520qt/entservices-infra-325511/PersistentStore/CMakeLists.txt
2026-02-23 09:54:09,589 - Knowledge - INFO - Processing batch of 6 files
2026-02-23 09:54:09,622 - Knowledge - INFO - Worker kw14 processing /app/data/T0015/325511/b5520qt/entservices-infra-325511/PersistentStore/sqlite/l1test/Store2Test.cpp
2026-02-23 09:54:09,622 - Knowledge - INFO - [kw12] Queue=295, InProgress=0, PendingWorkers=20/20, Completed=72/475 (15.2%)
2026-02-23 09:54:09,743 - Knowledge - INFO - Fast-tracked /app/data/T0015/325511/b5520qt/entservices-infra-325511/PersistentStore/CMakeLists.txt (ext=.txt, size=3275)
2026-02-23 09:54:09,810 - Knowledge - INFO - process ingested knowledge for /app/data/T0015/325511/b5520qt/entservices-infra-325511/Analytics/Implementation/LocalStore/LocalStore.cpp
2026-02-23 09:54:10,071 - Knowledge - INFO - Batch sizing: calculated=6, max_allowed=10, queue=295, active_workers=20/20
2026-02-23 09:54:10,091 - Knowledge - INFO - [LLM_CALL] Completed: TelemetryMetrics.cpp:chunk1, Duration: 21627ms, PromptTokens: 2828, CompletionTokens: 478, Cost: $0.00047
2026-02-23 09:54:10,200 - Knowledge - INFO - Worker kw10 processing /app/data/T0015/325511/b5520qt/entservices-infra-325511/PersistentStore/PersistentStoreJsonRpc.cpp
2026-02-23 09:54:10,332 - Knowledge - INFO - process ingested knowledge for /app/data/T0015/325511/b5520qt/entservices-infra-325511/Analytics/Implementation/LocalStore/DatabaseConnection.h
2026-02-23 09:54:10,845 - Knowledge - INFO - done ingest for /app/data/T0015/325511/b5520qt/entservices-infra-325511/TelemetryMetrics/TelemetryMetrics.cpp
2026-02-23 09:54:10,859 - Knowledge - INFO - [LLM_CALL] Completed: SharedStorageImplementation.cpp:chunk1, Duration: 35957ms, PromptTokens: 7768, CompletionTokens: 1058, Cost: $0.00120
2026-02-23 09:54:11,040 - Knowledge - INFO - Worker kw10 processing /app/data/T0015/325511/b5520qt/entservices-infra-325511/PersistentStore/PersistentStoreImplementation.cpp
2026-02-23 09:54:11,176 - Knowledge - INFO - process ingested knowledge for /app/data/T0015/325511/b5520qt/entservices-infra-325511/Analytics/Implementation/SystemTime/SystemTime.h
2026-02-23 09:54:11,494 - Knowledge - INFO - done ingest for /app/data/T0015/325511/b5520qt/entservices-infra-325511/SharedStorage/SharedStorageImplementation.cpp
2026-02-23 09:54:11,529 - Knowledge - INFO - Async storing batch of 6 embeddings
2026-02-23 09:54:11,736 - Knowledge - INFO - process ingested knowledge for /app/data/T0015/325511/b5520qt/entservices-infra-325511/Analytics/Implementation/SystemTime/CMakeLists.txt
2026-02-23 09:54:12,041 - Knowledge - INFO - Worker kw12 processing /app/data/T0015/325511/b5520qt/entservices-infra-325511/PersistentStore/Module.cpp
2026-02-23 09:54:12,138 - Knowledge - INFO - process ingested knowledge for /app/data/T0015/325511/b5520qt/entservices-infra-325511/Analytics/Implementation/SystemTime/SystemTime.cpp
2026-02-23 09:54:12,341 - Knowledge - INFO - Processing batch of 6 files
2026-02-23 09:54:12,350 - Knowledge - INFO - Fast-tracked /app/data/T0015/325511/b5520qt/entservices-infra-325511/PersistentStore/Module.cpp (ext=.cpp, size=765)
2026-02-23 09:54:12,440 - Knowledge - INFO - process ingested knowledge for /app/data/T0015/325511/b5520qt/entservices-infra-325511/Analytics/Implementation/AnalyticsImplementation.h
2026-02-23 09:54:12,599 - Knowledge - INFO - process ingested knowledge for /app/data/T0015/325511/b5520qt/entservices-infra-325511/TelemetryMetrics/TelemetryMetricsImplementation.h
2026-02-23 09:54:12,741 - Knowledge - INFO - Processing batch of 6 files
2026-02-23 09:54:12,882 - Knowledge - INFO - Worker kw12 processing /app/data/T0015/325511/b5520qt/entservices-infra-325511/PersistentStore/CHANGELOG.md
2026-02-23 09:54:13,252 - Knowledge - INFO - process ingested knowledge for /app/data/T0015/325511/b5520qt/entservices-infra-325511/SharedStorage/SharedStorageImplementation.cpp
2026-02-23 09:54:13,262 - Knowledge - INFO - process ingested knowledge for /app/data/T0015/325511/b5520qt/entservices-infra-325511/TelemetryMetrics/CMakeLists.txt
2026-02-23 09:54:13,396 - Knowledge - INFO - Fast-tracked /app/data/T0015/325511/b5520qt/entservices-infra-325511/PersistentStore/CHANGELOG.md (ext=.md, size=1013)
2026-02-23 09:54:13,463 - Knowledge - INFO - [LLM_CALL] Completed: CloudStoreImplementation.h:chunk1, Duration: 46850ms, PromptTokens: 2268, CompletionTokens: 435, Cost: $0.00040
2026-02-23 09:54:13,492 - Knowledge - INFO - process ingested knowledge for /app/data/T0015/325511/b5520qt/entservices-infra-325511/SharedStorage/Module.cpp
2026-02-23 09:54:13,592 - Knowledge - INFO - process ingested knowledge for /app/data/T0015/325511/b5520qt/entservices-infra-325511/TelemetryMetrics/TelemetryMetricsImplementation.cpp
2026-02-23 09:54:13,670 - Knowledge - INFO - Worker kw12 processing /app/data/T0015/325511/b5520qt/entservices-infra-325511/PersistentStore/PersistentStore.cpp
2026-02-23 09:54:13,760 - Knowledge - INFO - done ingest for /app/data/T0015/325511/b5520qt/entservices-infra-325511/CloudStore/CloudStoreImplementation.h
2026-02-23 09:54:14,019 - Knowledge - INFO - process ingested knowledge for /app/data/T0015/325511/b5520qt/entservices-infra-325511/SharedStorage/CHANGELOG.md
2026-02-23 09:54:14,125 - Knowledge - INFO - process ingested knowledge for /app/data/T0015/325511/b5520qt/entservices-infra-325511/TelemetryMetrics/TelemetryMetrics.cpp
2026-02-23 09:54:14,145 - Knowledge - INFO - [WEBSOCKET] Sent: Type=progress_update, Size: 289, Duration: 0ms
2026-02-23 09:54:14,248 - Knowledge - INFO - Worker kw12 processing /app/data/T0015/325511/b5520qt/entservices-infra-325511/cmake/FindDL.cmake
2026-02-23 09:54:14,441 - Knowledge - INFO - process ingested knowledge for /app/data/T0015/325511/b5520qt/entservices-infra-325511/TelemetryMetrics/TelemetryMetrics.h
2026-02-23 09:54:14,588 - Knowledge - INFO - process ingested knowledge for /app/data/T0015/325511/b5520qt/entservices-infra-325511/TelemetryMetrics/Module.cpp
2026-02-23 09:54:14,779 - Knowledge - INFO - [WEBSOCKET] Sent: Type=unknown, Size: ?, Duration: 634ms
2026-02-23 09:54:14,919 - Knowledge - INFO - Fast-tracked /app/data/T0015/325511/b5520qt/entservices-infra-325511/cmake/FindDL.cmake (ext=.cmake, size=796)
2026-02-23 09:54:15,032 - Knowledge - INFO - process ingested knowledge for /app/data/T0015/325511/b5520qt/entservices-infra-325511/TelemetryMetrics/Module.h
2026-02-23 09:54:15,170 - Knowledge - INFO - process ingested knowledge for /app/data/T0015/325511/b5520qt/entservices-infra-325511/Migration/Migration.h
2026-02-23 09:54:15,272 - Knowledge - INFO - Progress: 17.7% | Files: 84/475 | Rate: 1.04 files/sec | Queue: 289
2026-02-23 09:54:15,272 - Knowledge - INFO - [LLM_CALL] Completed: CloudStoreImplementationMock.h:chunk1, Duration: 37582ms, PromptTokens: 2478, CompletionTokens: 783, Cost: $0.00056
2026-02-23 09:54:15,375 - Knowledge - INFO - Worker kw12 processing /app/data/T0015/325511/b5520qt/entservices-infra-325511/cmake/FindAC.cmake
2026-02-23 09:54:15,557 - Knowledge - INFO - process ingested knowledge for /app/data/T0015/325511/b5520qt/entservices-infra-325511/TelemetryMetrics/TelemetryFilters.h
2026-02-23 09:54:15,798 - Knowledge - INFO - [kw7] Queue=289, InProgress=0, PendingWorkers=20/20, Completed=84/475 (17.7%)
2026-02-23 09:54:15,928 - Knowledge - INFO - done ingest for /app/data/T0015/325511/b5520qt/entservices-infra-325511/CloudStore/l0test/CloudStoreImplementationMock.h
2026-02-23 09:54:16,042 - Knowledge - INFO - Fast-tracked /app/data/T0015/325511/b5520qt/entservices-infra-325511/cmake/FindAC.cmake (ext=.cmake, size=1567)
2026-02-23 09:54:16,298 - Knowledge - INFO - Batch sizing: calculated=6, max_allowed=10, queue=289, active_workers=20/20
2026-02-23 09:54:16,910 - Knowledge - INFO - Worker kw12 processing /app/data/T0015/325511/b5520qt/entservices-infra-325511/cmake/FindUdev.cmake
2026-02-23 09:54:17,205 - Knowledge - INFO - Fast-tracked /app/data/T0015/325511/b5520qt/entservices-infra-325511/cmake/FindUdev.cmake (ext=.cmake, size=769)
2026-02-23 09:54:17,628 - Knowledge - INFO - Async storing batch of 6 embeddings
2026-02-23 09:54:17,904 - Knowledge - INFO - Worker kw7 processing /app/data/T0015/325511/b5520qt/entservices-infra-325511/cmake/FindNopoll.cmake
2026-02-23 09:54:18,175 - Knowledge - INFO - Fast-tracked /app/data/T0015/325511/b5520qt/entservices-infra-325511/cmake/FindNopoll.cmake (ext=.cmake, size=1155)
2026-02-23 09:54:18,401 - Knowledge - INFO - Worker kw7 processing /app/data/T0015/325511/b5520qt/entservices-infra-325511/cmake/FindCTRLM.cmake
2026-02-23 09:54:18,621 - Knowledge - INFO - Fast-tracked /app/data/T0015/325511/b5520qt/entservices-infra-325511/cmake/FindCTRLM.cmake (ext=.cmake, size=1245)
2026-02-23 09:54:18,876 - Knowledge - INFO - Worker kw7 processing /app/data/T0015/325511/b5520qt/entservices-infra-325511/cmake/FindSqlite.cmake
2026-02-23 09:54:19,208 - Knowledge - INFO - Fast-tracked /app/data/T0015/325511/b5520qt/entservices-infra-325511/cmake/FindSqlite.cmake (ext=.cmake, size=771)
2026-02-23 09:54:19,428 - Knowledge - INFO - Worker kw7 processing /app/data/T0015/325511/b5520qt/entservices-infra-325511/cmake/FindGStreamer.cmake
2026-02-23 09:54:19,570 - Knowledge - INFO - [LLM_CALL] Completed: RDKWindowManager.cpp:chunk1, Duration: 33578ms, PromptTokens: 3758, CompletionTokens: 797, Cost: $0.00069
2026-02-23 09:54:19,711 - Knowledge - INFO - Worker kw7 processing /app/data/T0015/325511/b5520qt/entservices-infra-325511/cmake/FindLMPLAYER.cmake
2026-02-23 09:54:19,822 - Knowledge - INFO - done ingest for /app/data/T0015/325511/b5520qt/entservices-infra-325511/RDKWindowManager/RDKWindowManager.cpp
2026-02-23 09:54:19,865 - Knowledge - INFO - [kw20] Queue=283, InProgress=0, PendingWorkers=20/20, Completed=84/475 (17.7%)
2026-02-23 09:54:19,973 - Knowledge - INFO - Fast-tracked /app/data/T0015/325511/b5520qt/entservices-infra-325511/cmake/FindLMPLAYER.cmake (ext=.cmake, size=1899)
2026-02-23 09:54:20,048 - Knowledge - INFO - Async storage completed for 6 embeddings
2026-02-23 09:54:20,286 - Knowledge - INFO - Batch sizing: calculated=6, max_allowed=10, queue=283, active_workers=20/20
2026-02-23 09:54:20,406 - Knowledge - INFO - Worker kw7 processing /app/data/T0015/325511/b5520qt/entservices-infra-325511/cmake/FindCurl.cmake
2026-02-23 09:54:20,811 - Knowledge - INFO - [LLM_CALL] Completed: ServiceMock.h:chunk1, Duration: 31085ms, PromptTokens: 3052, CompletionTokens: 1331, Cost: $0.00084
2026-02-23 09:54:20,882 - Knowledge - INFO - Fast-tracked /app/data/T0015/325511/b5520qt/entservices-infra-325511/cmake/FindCurl.cmake (ext=.cmake, size=1002)
2026-02-23 09:54:21,101 - Knowledge - INFO - done ingest for /app/data/T0015/325511/b5520qt/entservices-infra-325511/CloudStore/l0test/ServiceMock.h
2026-02-23 09:54:21,108 - Knowledge - INFO - Async storing batch of 6 embeddings
2026-02-23 09:54:21,115 - Knowledge - INFO - [kw19] Queue=277, InProgress=0, PendingWorkers=20/20, Completed=84/475 (17.7%)
2026-02-23 09:54:21,354 - Knowledge - INFO - Fast-tracked /app/data/T0015/325511/b5520qt/entservices-infra-325511/cmake/FindGStreamer.cmake (small file (2703 bytes))
2026-02-23 09:54:21,568 - Knowledge - INFO - [LLM_CALL] Completed: RDKWindowManager.h:chunk1, Duration: 48404ms, PromptTokens: 2304, CompletionTokens: 394, Cost: $0.00039
2026-02-23 09:54:21,582 - Knowledge - INFO - Worker kw20 processing /app/data/T0015/325511/b5520qt/entservices-infra-325511/cmake/FindGLIB.cmake
2026-02-23 09:54:21,682 - Knowledge - INFO - Batch sizing: calculated=6, max_allowed=10, queue=277, active_workers=20/20
2026-02-23 09:54:21,807 - Knowledge - INFO - Async storage completed for 6 embeddings
2026-02-23 09:54:21,990 - Knowledge - INFO - done ingest for /app/data/T0015/325511/b5520qt/entservices-infra-325511/RDKWindowManager/RDKWindowManager.h
2026-02-23 09:54:22,092 - Knowledge - INFO - Async storage completed for 6 embeddings
2026-02-23 09:54:22,102 - Knowledge - INFO - Worker kw20 processing /app/data/T0015/325511/b5520qt/entservices-infra-325511/cmake/FindLibSoup.cmake
2026-02-23 09:54:22,167 - Knowledge - INFO - Async storage completed for 6 embeddings
2026-02-23 09:54:22,220 - Knowledge - INFO - Async storing batch of 6 embeddings
2026-02-23 09:54:22,363 - Knowledge - INFO - Processing batch of 6 files
2026-02-23 09:54:22,370 - Knowledge - INFO - Processing batch of 6 files
2026-02-23 09:54:22,733 - Knowledge - INFO - Fast-tracked /app/data/T0015/325511/b5520qt/entservices-infra-325511/cmake/FindLibSoup.cmake (ext=.cmake, size=1398)
2026-02-23 09:54:23,009 - Knowledge - INFO - Worker kw19 processing /app/data/T0015/325511/b5520qt/entservices-infra-325511/cmake/FindPlabels.cmake
2026-02-23 09:54:23,182 - Knowledge - INFO - process ingested knowledge for /app/data/T0015/325511/b5520qt/entservices-infra-325511/NativeJS/Module.cpp
2026-02-23 09:54:23,312 - Knowledge - INFO - process ingested knowledge for /app/data/T0015/325511/b5520qt/entservices-infra-325511/cmake/FindNopoll.cmake
2026-02-23 09:54:23,425 - Knowledge - INFO - Worker kw20 processing /app/data/T0015/325511/b5520qt/entservices-infra-325511/cmake/FindGStreamerVideo.cmake
2026-02-23 09:54:23,542 - Knowledge - INFO - Fast-tracked /app/data/T0015/325511/b5520qt/entservices-infra-325511/cmake/FindPlabels.cmake (ext=.cmake, size=1051)
2026-02-23 09:54:23,655 - Knowledge - INFO - process ingested knowledge for /app/data/T0015/325511/b5520qt/entservices-infra-325511/CloudStore/CloudStoreImplementation.h
2026-02-23 09:54:23,786 - Knowledge - INFO - process ingested knowledge for /app/data/T0015/325511/b5520qt/entservices-infra-325511/cmake/FindCTRLM.cmake
2026-02-23 09:54:23,943 - Knowledge - INFO - Worker kw20 processing /app/data/T0015/325511/b5520qt/entservices-infra-325511/cmake/FindRDKStorageManager.cmake
2026-02-23 09:54:24,044 - Knowledge - INFO - Worker kw19 processing /app/data/T0015/325511/b5520qt/entservices-infra-325511/cmake/FindIARMBus.cmake
2026-02-23 09:54:24,237 - Knowledge - INFO - process ingested knowledge for /app/data/T0015/325511/b5520qt/entservices-infra-325511/CloudStore/Module.h
2026-02-23 09:54:24,425 - Knowledge - INFO - process ingested knowledge for /app/data/T0015/325511/b5520qt/entservices-infra-325511/cmake/FindSqlite.cmake
2026-02-23 09:54:24,572 - Knowledge - INFO - Fast-tracked /app/data/T0015/325511/b5520qt/entservices-infra-325511/cmake/FindRDKStorageManager.cmake (ext=.cmake, size=983)
2026-02-23 09:54:24,746 - Knowledge - INFO - Fast-tracked /app/data/T0015/325511/b5520qt/entservices-infra-325511/cmake/FindIARMBus.cmake (ext=.cmake, size=1860)
2026-02-23 09:54:24,840 - Knowledge - INFO - process ingested knowledge for /app/data/T0015/325511/b5520qt/entservices-infra-325511/CloudStore/l0test/CloudStoreImplementationMock.h
2026-02-23 09:54:24,975 - Knowledge - INFO - process ingested knowledge for /app/data/T0015/325511/b5520qt/entservices-infra-325511/cmake/FindGStreamer.cmake
2026-02-23 09:54:25,127 - Knowledge - INFO - Worker kw20 processing /app/data/T0015/325511/b5520qt/entservices-infra-325511/cmake/FindNXCLIENT.cmake
2026-02-23 09:54:25,358 - Knowledge - INFO - Worker kw19 processing /app/data/T0015/325511/b5520qt/entservices-infra-325511/cmake/FindNEXUS.cmake
2026-02-23 09:54:25,467 - Knowledge - INFO - process ingested knowledge for /app/data/T0015/325511/b5520qt/entservices-infra-325511/CloudStore/l0test/CMakeLists.txt
2026-02-23 09:54:25,657 - Knowledge - INFO - process ingested knowledge for /app/data/T0015/325511/b5520qt/entservices-infra-325511/cmake/FindLMPLAYER.cmake
2026-02-23 09:54:26,034 - Knowledge - INFO - Fast-tracked /app/data/T0015/325511/b5520qt/entservices-infra-325511/cmake/FindNXCLIENT.cmake (ext=.cmake, size=1813)
2026-02-23 09:54:26,237 - Knowledge - INFO - Worker kw19 processing /app/data/T0015/325511/b5520qt/entservices-infra-325511/cmake/FindTTS.cmake
2026-02-23 09:54:26,305 - Knowledge - INFO - process ingested knowledge for /app/data/T0015/325511/b5520qt/entservices-infra-325511/CloudStore/l0test/ServiceMock.h
2026-02-23 09:54:26,522 - Knowledge - INFO - process ingested knowledge for /app/data/T0015/325511/b5520qt/entservices-infra-325511/cmake/FindCurl.cmake
2026-02-23 09:54:26,677 - Knowledge - INFO - Worker kw20 processing /app/data/T0015/325511/b5520qt/entservices-infra-325511/cmake/Findjsoncpp.cmake
2026-02-23 09:54:26,882 - Knowledge - INFO - Fast-tracked /app/data/T0015/325511/b5520qt/entservices-infra-325511/cmake/FindTTS.cmake (ext=.cmake, size=1379)
2026-02-23 09:54:27,517 - Knowledge - INFO - [LLM_CALL] Completed: SharedStorage.cpp:chunk1, Duration: 30572ms, PromptTokens: 3012, CompletionTokens: 758, Cost: $0.00060
2026-02-23 09:54:27,592 - Knowledge - INFO - Fast-tracked /app/data/T0015/325511/b5520qt/entservices-infra-325511/cmake/Findjsoncpp.cmake (ext=.cmake, size=1853)
2026-02-23 09:54:27,682 - Knowledge - INFO - Worker kw19 processing /app/data/T0015/325511/b5520qt/entservices-infra-325511/cmake/FindCEC.cmake
2026-02-23 09:54:27,817 - Knowledge - INFO - done ingest for /app/data/T0015/325511/b5520qt/entservices-infra-325511/SharedStorage/SharedStorage.cpp
2026-02-23 09:54:28,086 - Knowledge - INFO - Fast-tracked /app/data/T0015/325511/b5520qt/entservices-infra-325511/cmake/FindCEC.cmake (ext=.cmake, size=1947)
2026-02-23 09:54:28,342 - Knowledge - INFO - Worker kw19 processing /app/data/T0015/325511/b5520qt/entservices-infra-325511/cmake/FindDS.cmake
2026-02-23 09:54:28,642 - Knowledge - INFO - Fast-tracked /app/data/T0015/325511/b5520qt/entservices-infra-325511/cmake/FindDS.cmake (ext=.cmake, size=1842)
2026-02-23 09:54:28,787 - Knowledge - INFO - [LLM_CALL] Completed: SharedStorage.h:chunk1, Duration: 42337ms, PromptTokens: 2926, CompletionTokens: 443, Cost: $0.00047
2026-02-23 09:54:29,016 - Knowledge - INFO - Fast-tracked /app/data/T0015/325511/b5520qt/entservices-infra-325511/cmake/FindNEXUS.cmake (small file (2835 bytes))
2026-02-23 09:54:29,084 - Knowledge - INFO - done ingest for /app/data/T0015/325511/b5520qt/entservices-infra-325511/SharedStorage/SharedStorage.h
2026-02-23 09:54:29,276 - Knowledge - INFO - Async storage completed for 6 embeddings
2026-02-23 09:54:30,842 - Knowledge - INFO - [LLM_CALL] Completed: OCIContainer.h:chunk1, Duration: 25097ms, PromptTokens: 2614, CompletionTokens: 493, Cost: $0.00046
2026-02-23 09:54:31,173 - Knowledge - INFO - done ingest for /app/data/T0015/325511/b5520qt/entservices-infra-325511/OCIContainer/OCIContainer.h
2026-02-23 09:54:31,184 - Knowledge - INFO - [LLM_CALL] Completed: MigrationImplementation.cpp:chunk1, Duration: 38199ms, PromptTokens: 3452, CompletionTokens: 350, Cost: $0.00049
2026-02-23 09:54:31,525 - Knowledge - INFO - done ingest for /app/data/T0015/325511/b5520qt/entservices-infra-325511/Migration/MigrationImplementation.cpp
2026-02-23 09:54:32,153 - Knowledge - INFO - [LLM_CALL] Completed: SharedStorageImplementation.h:chunk1, Duration: 57494ms, PromptTokens: 3842, CompletionTokens: 773, Cost: $0.00069
2026-02-23 09:54:32,487 - Knowledge - INFO - done ingest for /app/data/T0015/325511/b5520qt/entservices-infra-325511/SharedStorage/SharedStorageImplementation.h
2026-02-23 09:54:32,570 - Knowledge - INFO - Processing batch of 6 files
2026-02-23 09:54:32,592 - Knowledge - INFO - [WEBSOCKET] Sent: Type=progress_update, Size: 290, Duration: 0ms
2026-02-23 09:54:33,074 - Knowledge - INFO - process ingested knowledge for /app/data/T0015/325511/b5520qt/entservices-infra-325511/cmake/FindPlabels.cmake
2026-02-23 09:54:33,366 - Knowledge - INFO - [LLM_CALL] Completed: CloudStore.h:chunk1, Duration: 45346ms, PromptTokens: 2726, CompletionTokens: 434, Cost: $0.00045
2026-02-23 09:54:33,412 - Knowledge - INFO - process ingested knowledge for /app/data/T0015/325511/b5520qt/entservices-infra-325511/cmake/FindIARMBus.cmake
2026-02-23 09:54:33,585 - Knowledge - INFO - done ingest for /app/data/T0015/325511/b5520qt/entservices-infra-325511/CloudStore/CloudStore.h
2026-02-23 09:54:33,590 - Knowledge - INFO - [WEBSOCKET] Sent: Type=unknown, Size: ?, Duration: 999ms
2026-02-23 09:54:33,759 - Knowledge - INFO - process ingested knowledge for /app/data/T0015/325511/b5520qt/entservices-infra-325511/cmake/FindNEXUS.cmake
2026-02-23 09:54:34,101 - Knowledge - INFO - Progress: 21.9% | Files: 107/475 | Rate: 1.08 files/sec | Queue: 271
2026-02-23 09:54:34,101 - Knowledge - INFO - [kw7] Queue=271, InProgress=0, PendingWorkers=20/20, Completed=107/475 (22.5%)
2026-02-23 09:54:34,188 - Knowledge - INFO - Fast-tracked /app/data/T0015/325511/b5520qt/entservices-infra-325511/OCIContainer/stubs/i_omi_proxy.hpp (small file (2537 bytes))
2026-02-23 09:54:34,279 - Knowledge - INFO - process ingested knowledge for /app/data/T0015/325511/b5520qt/entservices-infra-325511/cmake/FindTTS.cmake
2026-02-23 09:54:34,350 - Knowledge - INFO - Async storage completed for 6 embeddings
2026-02-23 09:54:34,479 - Knowledge - INFO - Processing batch of 6 files
2026-02-23 09:54:34,517 - Knowledge - INFO - [kw11] Queue=271, InProgress=0, PendingWorkers=20/20, Completed=110/475 (23.2%)
2026-02-23 09:54:34,519 - Knowledge - INFO - [LLM_CALL] Completed: AppManagerTelemetryReporting.cpp:chunk1, Duration: 47570ms, PromptTokens: 5108, CompletionTokens: 691, Cost: $0.00079
2026-02-23 09:54:34,652 - Knowledge - INFO - Batch sizing: calculated=6, max_allowed=10, queue=271, active_workers=20/20
2026-02-23 09:54:35,069 - Knowledge - INFO - Async storage completed for 6 embeddings
2026-02-23 09:54:35,244 - Knowledge - INFO - process ingested knowledge for /app/data/T0015/325511/b5520qt/entservices-infra-325511/cmake/FindCEC.cmake
2026-02-23 09:54:35,612 - Knowledge - INFO - process ingested knowledge for /app/data/T0015/325511/b5520qt/entservices-infra-325511/OCIContainer/test/DobbySpecs/helloworld.json
2026-02-23 09:54:35,953 - Knowledge - INFO - Async storage completed for 6 embeddings
2026-02-23 09:54:36,046 - Knowledge - INFO - Batch sizing: calculated=6, max_allowed=10, queue=271, active_workers=20/20
2026-02-23 09:54:36,175 - Knowledge - INFO - done ingest for /app/data/T0015/325511/b5520qt/entservices-infra-325511/AppManager/AppManagerTelemetryReporting.cpp
2026-02-23 09:54:36,220 - Knowledge - INFO - [LLM_CALL] Completed: Migration.cpp:chunk1, Duration: 30826ms, PromptTokens: 2796, CompletionTokens: 616, Cost: $0.00053
2026-02-23 09:54:36,405 - Knowledge - INFO - Async storage completed for 6 embeddings
2026-02-23 09:54:36,618 - Knowledge - INFO - process ingested knowledge for /app/data/T0015/325511/b5520qt/entservices-infra-325511/cmake/FindDS.cmake
2026-02-23 09:54:36,737 - Knowledge - INFO - process ingested knowledge for /app/data/T0015/325511/b5520qt/entservices-infra-325511/OCIContainer/test/DobbySpecs/sleepy.json
2026-02-23 09:54:37,357 - Knowledge - INFO - done ingest for /app/data/T0015/325511/b5520qt/entservices-infra-325511/Migration/Migration.cpp
2026-02-23 09:54:37,410 - Knowledge - INFO - Async storing batch of 6 embeddings
2026-02-23 09:54:37,460 - Knowledge - INFO - Async storing batch of 6 embeddings
2026-02-23 09:54:37,494 - Knowledge - INFO - [LLM_CALL] Completed: SceneSet.cpp:chunk1, Duration: 32093ms, PromptTokens: 2850, CompletionTokens: 640, Cost: $0.00054
2026-02-23 09:54:38,661 - Knowledge - INFO - Worker kw7 processing /app/data/T0015/325511/b5520qt/entservices-infra-325511/cmake/FindAamp.cmake
2026-02-23 09:54:38,824 - Knowledge - INFO - Worker kw11 processing /app/data/T0015/325511/b5520qt/entservices-infra-325511/RDKShell/CMakeLists.txt
2026-02-23 09:54:38,850 - Knowledge - INFO - process ingested knowledge for /app/data/T0015/325511/b5520qt/entservices-infra-325511/OCIContainer/test/DobbySpecs/wget.json
2026-02-23 09:54:38,961 - Knowledge - INFO - done ingest for /app/data/T0015/325511/b5520qt/entservices-infra-325511/SceneSet/SceneSet.cpp
2026-02-23 09:54:39,114 - Knowledge - INFO - Worker kw7 processing /app/data/T0015/325511/b5520qt/entservices-infra-325511/cmake/FindSqliteSee.cmake
2026-02-23 09:54:39,318 - Knowledge - INFO - Fast-tracked /app/data/T0015/325511/b5520qt/entservices-infra-325511/RDKShell/CMakeLists.txt (ext=.txt, size=3209)
2026-02-23 09:54:39,406 - Knowledge - INFO - process ingested knowledge for /app/data/T0015/325511/b5520qt/entservices-infra-325511/OCIContainer/test/thunder-ocicontainer-test.js
2026-02-23 09:54:39,514 - Knowledge - INFO - Processing batch of 6 files
2026-02-23 09:54:39,522 - Knowledge - INFO - Fast-tracked /app/data/T0015/325511/b5520qt/entservices-infra-325511/PersistentStore/PersistentStoreImplementation.cpp (small file (2496 bytes))
2026-02-23 09:54:39,697 - Knowledge - INFO - Fast-tracked /app/data/T0015/325511/b5520qt/entservices-infra-325511/cmake/FindSqliteSee.cmake (ext=.cmake, size=774)
2026-02-23 09:54:39,787 - Knowledge - INFO - Worker kw11 processing /app/data/T0015/325511/b5520qt/entservices-infra-325511/RDKShell/README.md
2026-02-23 09:54:40,152 - Knowledge - INFO - process ingested knowledge for /app/data/T0015/325511/b5520qt/entservices-infra-325511/OCIContainer/test/ociContainerTest.sh
2026-02-23 09:54:40,182 - Knowledge - INFO - Processing batch of 6 files
2026-02-23 09:54:40,333 - Knowledge - INFO - process ingested knowledge for /app/data/T0015/325511/b5520qt/entservices-infra-325511/AppManager/AppManagerTelemetryReporting.h
2026-02-23 09:54:40,605 - Knowledge - INFO - Fast-tracked /app/data/T0015/325511/b5520qt/entservices-infra-325511/cmake/FindGStreamerVideo.cmake (small file (2892 bytes))
2026-02-23 09:54:40,676 - Knowledge - INFO - Async storage completed for 6 embeddings
2026-02-23 09:54:40,857 - Knowledge - INFO - Worker kw7 processing /app/data/T0015/325511/b5520qt/entservices-infra-325511/cmake/FindBCM_HOST.cmake
2026-02-23 09:54:41,086 - Knowledge - INFO - Fast-tracked /app/data/T0015/325511/b5520qt/entservices-infra-325511/RDKShell/README.md (ext=.md, size=5024)
2026-02-23 09:54:41,310 - Knowledge - INFO - process ingested knowledge for /app/data/T0015/325511/b5520qt/entservices-infra-325511/OCIContainer/OCIContainer.h
2026-02-23 09:54:41,366 - Knowledge - INFO - process ingested knowledge for /app/data/T0015/325511/b5520qt/entservices-infra-325511/Migration/Module.h
2026-02-23 09:54:41,798 - Knowledge - INFO - Async storage completed for 6 embeddings
2026-02-23 09:54:42,100 - Knowledge - INFO - process ingested knowledge for /app/data/T0015/325511/b5520qt/entservices-infra-325511/SharedStorage/SharedStorageImplementation.h
2026-02-23 09:54:42,125 - Knowledge - INFO - Worker kw7 processing /app/data/T0015/325511/b5520qt/entservices-infra-325511/RDKShell/Module.h
2026-02-23 09:54:42,278 - Knowledge - INFO - Worker kw11 processing /app/data/T0015/325511/b5520qt/entservices-infra-325511/RDKShell/Module.cpp
2026-02-23 09:54:42,893 - Knowledge - INFO - process ingested knowledge for /app/data/T0015/325511/b5520qt/entservices-infra-325511/Migration/MigrationImplementation.h
2026-02-23 09:54:43,393 - Knowledge - INFO - Fast-tracked /app/data/T0015/325511/b5520qt/entservices-infra-325511/RDKShell/Module.h (ext=.h, size=872)
2026-02-23 09:54:43,602 - Knowledge - INFO - Fast-tracked /app/data/T0015/325511/b5520qt/entservices-infra-325511/RDKShell/Module.cpp (ext=.cpp, size=765)
2026-02-23 09:54:43,843 - Knowledge - INFO - process ingested knowledge for /app/data/T0015/325511/b5520qt/entservices-infra-325511/SharedStorage/Module.h
2026-02-23 09:54:43,861 - Knowledge - INFO - [WEBSOCKET] Sent: Type=progress_update, Size: 292, Duration: 0ms
2026-02-23 09:54:43,862 - Knowledge - INFO - Worker kw7 processing /app/data/T0015/325511/b5520qt/entservices-infra-325511/RDKShell/RialtoConnector.h
2026-02-23 09:54:43,895 - Knowledge - INFO - process ingested knowledge for /app/data/T0015/325511/b5520qt/entservices-infra-325511/Migration/CMakeLists.txt
2026-02-23 09:54:44,039 - Knowledge - INFO - Worker kw11 processing /app/data/T0015/325511/b5520qt/entservices-infra-325511/RDKShell/CHANGELOG.md
2026-02-23 09:54:44,236 - Knowledge - INFO - Async storage completed for 6 embeddings
2026-02-23 09:54:44,575 - Knowledge - INFO - [WEBSOCKET] Sent: Type=unknown, Size: ?, Duration: 714ms
2026-02-23 09:54:44,663 - Knowledge - INFO - Async storage completed for 6 embeddings
2026-02-23 09:54:44,833 - Knowledge - INFO - Async storage completed for 6 embeddings
2026-02-23 09:54:44,942 - Knowledge - INFO - Worker kw7 processing /app/data/T0015/325511/b5520qt/entservices-infra-325511/RDKShell/RDKShell.cpp
2026-02-23 09:54:45,061 - Knowledge - INFO - process ingested knowledge for /app/data/T0015/325511/b5520qt/entservices-infra-325511/SharedStorage/SharedStorage.h
2026-02-23 09:54:45,142 - Knowledge - INFO - process ingested knowledge for /app/data/T0015/325511/b5520qt/entservices-infra-325511/Migration/MigrationImplementation.cpp
2026-02-23 09:54:45,305 - Knowledge - INFO - Fast-tracked /app/data/T0015/325511/b5520qt/entservices-infra-325511/RDKShell/CHANGELOG.md (ext=.md, size=1015)
2026-02-23 09:54:45,491 - Knowledge - INFO - Progress: 25.3% | Files: 120/475 | Rate: 1.09 files/sec | Queue: 259
2026-02-23 09:54:45,537 - Knowledge - INFO - [LLM_CALL] Completed: FindGLIB.cmake:chunk1, Duration: 17523ms, PromptTokens: 3678, CompletionTokens: 59, Cost: $0.00039
2026-02-23 09:54:46,105 - Knowledge - INFO - Fast-tracked /app/data/T0015/325511/b5520qt/entservices-infra-325511/RDKShell/RDKShell.cpp (ext=.cpp, size=334918)
2026-02-23 09:54:46,749 - Knowledge - INFO - Worker kw11 processing /app/data/T0015/325511/b5520qt/entservices-infra-325511/RDKShell/RialtoConnector.cpp
2026-02-23 09:54:46,921 - Knowledge - INFO - process ingested knowledge for /app/data/T0015/325511/b5520qt/entservices-infra-325511/SharedStorage/CMakeLists.txt
2026-02-23 09:54:46,937 - Knowledge - INFO - process ingested knowledge for /app/data/T0015/325511/b5520qt/entservices-infra-325511/Migration/README.md
2026-02-23 09:54:46,979 - Knowledge - INFO - [kw19] Queue=259, InProgress=0, PendingWorkers=20/20, Completed=120/475 (25.3%)
2026-02-23 09:54:47,134 - Knowledge - INFO - done ingest for /app/data/T0015/325511/b5520qt/entservices-infra-325511/cmake/FindGLIB.cmake
2026-02-23 09:54:47,140 - Knowledge - INFO - [LLM_CALL] Completed: SceneSet.h:chunk1, Duration: 53350ms, PromptTokens: 2330, CompletionTokens: 565, Cost: $0.00046
2026-02-23 09:54:47,456 - Knowledge - INFO - Fast-tracked /app/data/T0015/325511/b5520qt/entservices-infra-325511/cmake/FindAamp.cmake (small file (2167 bytes))
2026-02-23 09:54:47,521 - Knowledge - INFO - Worker kw11 processing /app/data/T0015/325511/b5520qt/entservices-infra-325511/RDKShell/RDKShell.h
2026-02-23 09:54:47,760 - Knowledge - INFO - process ingested knowledge for /app/data/T0015/325511/b5520qt/entservices-infra-325511/SharedStorage/SharedStorage.cpp
2026-02-23 09:54:48,096 - Knowledge - INFO - process ingested knowledge for /app/data/T0015/325511/b5520qt/entservices-infra-325511/Migration/Migration.cpp
2026-02-23 09:54:48,303 - Knowledge - INFO - Batch sizing: calculated=6, max_allowed=10, queue=259, active_workers=20/20
2026-02-23 09:54:48,582 - Knowledge - INFO - done ingest for /app/data/T0015/325511/b5520qt/entservices-infra-325511/SceneSet/SceneSet.h
2026-02-23 09:54:48,608 - Knowledge - INFO - [LLM_CALL] Completed: RDKWindowManagerImplementation.cpp:chunk1, Duration: 50787ms, PromptTokens: 22560, CompletionTokens: 2089, Cost: $0.00309
2026-02-23 09:54:48,932 - Knowledge - INFO - Fast-tracked /app/data/T0015/325511/b5520qt/entservices-infra-325511/cmake/FindBCM_HOST.cmake (small file (2134 bytes))
2026-02-23 09:54:49,771 - Knowledge - INFO - done ingest for /app/data/T0015/325511/b5520qt/entservices-infra-325511/RDKWindowManager/RDKWindowManagerImplementation.cpp
2026-02-23 09:54:49,798 - Knowledge - INFO - [LLM_CALL] Completed: PersistentStore.cpp:chunk1, Duration: 32141ms, PromptTokens: 3016, CompletionTokens: 567, Cost: $0.00053
2026-02-23 09:54:50,629 - Knowledge - INFO - Fast-tracked /app/data/T0015/325511/b5520qt/entservices-infra-325511/RDKShell/RialtoConnector.h (small file (2442 bytes))
2026-02-23 09:54:50,799 - Knowledge - INFO - done ingest for /app/data/T0015/325511/b5520qt/entservices-infra-325511/PersistentStore/PersistentStore.cpp
2026-02-23 09:54:50,855 - Knowledge - INFO - Processing batch of 6 files
2026-02-23 09:54:50,988 - Knowledge - INFO - [LLM_CALL] Completed: LifecycleInterfaceConnector.h:chunk1, Duration: 51442ms, PromptTokens: 3010, CompletionTokens: 879, Cost: $0.00065
2026-02-23 09:54:51,116 - Knowledge - INFO - Async storage completed for 6 embeddings
2026-02-23 09:54:51,363 - Knowledge - INFO - process ingested knowledge for /app/data/T0015/325511/b5520qt/entservices-infra-325511/cmake/FindGLIB.cmake
2026-02-23 09:54:51,551 - Knowledge - INFO - done ingest for /app/data/T0015/325511/b5520qt/entservices-infra-325511/AppManager/LifecycleInterfaceConnector.h
2026-02-23 09:54:51,562 - Knowledge - INFO - Async storing batch of 6 embeddings
2026-02-23 09:54:52,000 - Knowledge - INFO - [LLM_CALL] Completed: Store2.h:chunk1, Duration: 24171ms, PromptTokens: 7688, CompletionTokens: 1055, Cost: $0.00119
2026-02-23 09:54:52,144 - Knowledge - INFO - Worker kw19 processing /app/data/T0015/325511/b5520qt/entservices-infra-325511/FbSettings/Module.h
2026-02-23 09:54:52,332 - Knowledge - INFO - done ingest for /app/data/T0015/325511/b5520qt/entservices-infra-325511/CloudStore/grpc/Store2.h
2026-02-23 09:54:52,499 - Knowledge - INFO - Fast-tracked /app/data/T0015/325511/b5520qt/entservices-infra-325511/FbSettings/Module.h (ext=.h, size=872)
2026-02-23 09:54:52,707 - Knowledge - INFO - process ingested knowledge for /app/data/T0015/325511/b5520qt/entservices-infra-325511/cmake/FindLibSoup.cmake
2026-02-23 09:54:52,802 - Knowledge - INFO - [kw3] Queue=253, InProgress=0, PendingWorkers=20/20, Completed=134/475 (28.2%)
2026-02-23 09:54:52,846 - Knowledge - INFO - Worker kw19 processing /app/data/T0015/325511/b5520qt/entservices-infra-325511/FbSettings/FbSettings.cpp
2026-02-23 09:54:53,348 - Knowledge - INFO - Batch sizing: calculated=6, max_allowed=10, queue=253, active_workers=20/20
2026-02-23 09:54:53,472 - Knowledge - INFO - Worker kw19 processing /app/data/T0015/325511/b5520qt/entservices-infra-325511/FbSettings/CMakeLists.txt
2026-02-23 09:54:53,959 - Knowledge - INFO - Fast-tracked /app/data/T0015/325511/b5520qt/entservices-infra-325511/FbSettings/CMakeLists.txt (ext=.txt, size=2424)
2026-02-23 09:54:54,219 - Knowledge - INFO - Async storage completed for 6 embeddings
2026-02-23 09:54:54,331 - Knowledge - INFO - Worker kw19 processing /app/data/T0015/325511/b5520qt/entservices-infra-325511/FbSettings/tests/CurlCmds.md
2026-02-23 09:54:54,569 - Knowledge - INFO - [LLM_CALL] Completed: USBDevice.h:chunk1, Duration: 60779ms, PromptTokens: 2326, CompletionTokens: 494, Cost: $0.00043
2026-02-23 09:54:54,794 - Knowledge - INFO - Fast-tracked /app/data/T0015/325511/b5520qt/entservices-infra-325511/FbSettings/tests/CurlCmds.md (ext=.md, size=3744)
2026-02-23 09:54:54,865 - Knowledge - INFO - process ingested knowledge for /app/data/T0015/325511/b5520qt/entservices-infra-325511/cmake/FindGStreamerVideo.cmake
2026-02-23 09:54:55,118 - Knowledge - INFO - done ingest for /app/data/T0015/325511/b5520qt/entservices-infra-325511/USBDevice/USBDevice.h
2026-02-23 09:54:55,223 - Knowledge - INFO - [LLM_CALL] Completed: USBDevice.cpp:chunk1, Duration: 61048ms, PromptTokens: 3050, CompletionTokens: 487, Cost: $0.00050
2026-02-23 09:54:55,354 - Knowledge - INFO - Worker kw19 processing /app/data/T0015/325511/b5520qt/entservices-infra-325511/FbSettings/delegate/SettingsDelegate.h
2026-02-23 09:54:56,204 - Knowledge - INFO - done ingest for /app/data/T0015/325511/b5520qt/entservices-infra-325511/USBDevice/USBDevice.cpp
2026-02-23 09:54:56,257 - Knowledge - INFO - Async storing batch of 6 embeddings
2026-02-23 09:54:56,331 - Knowledge - INFO - process ingested knowledge for /app/data/T0015/325511/b5520qt/entservices-infra-325511/cmake/FindRDKStorageManager.cmake
2026-02-23 09:54:56,503 - Knowledge - INFO - Worker kw19 processing /app/data/T0015/325511/b5520qt/entservices-infra-325511/FbSettings/delegate/SystemDelegate.h
2026-02-23 09:54:56,796 - Knowledge - INFO - Worker kw3 processing /app/data/T0015/325511/b5520qt/entservices-infra-325511/FbSettings/delegate/UserSettingsDelegate.h
2026-02-23 09:54:57,669 - Knowledge - INFO - [LLM_CALL] Completed: CloudStore.cpp:chunk1, Duration: 55585ms, PromptTokens: 2906, CompletionTokens: 684, Cost: $0.00056
2026-02-23 09:54:57,705 - Knowledge - INFO - Worker kw3 processing /app/data/T0015/325511/b5520qt/entservices-infra-325511/FbSettings/delegate/NetworkDelegate.h
2026-02-23 09:54:58,020 - Knowledge - INFO - done ingest for /app/data/T0015/325511/b5520qt/entservices-infra-325511/CloudStore/CloudStore.cpp
2026-02-23 09:54:58,169 - Knowledge - INFO - Processing batch of 6 files
2026-02-23 09:54:58,416 - Knowledge - INFO - Worker kw3 processing /app/data/T0015/325511/b5520qt/entservices-infra-325511/FbSettings/Module.cpp
2026-02-23 09:54:58,641 - Knowledge - INFO - process ingested knowledge for /app/data/T0015/325511/b5520qt/entservices-infra-325511/cmake/FindNXCLIENT.cmake
2026-02-23 09:54:58,814 - Knowledge - INFO - [LLM_CALL] Completed: AppManagerImplementation.h:chunk1, Duration: 84838ms, PromptTokens: 5700, CompletionTokens: 1383, Cost: $0.00112
2026-02-23 09:54:58,998 - Knowledge - INFO - process ingested knowledge for /app/data/T0015/325511/b5520qt/entservices-infra-325511/cmake/FindAamp.cmake
2026-02-23 09:54:59,362 - Knowledge - INFO - Fast-tracked /app/data/T0015/325511/b5520qt/entservices-infra-325511/FbSettings/Module.cpp (ext=.cpp, size=763)
2026-02-23 09:54:59,660 - Knowledge - INFO - process ingested knowledge for /app/data/T0015/325511/b5520qt/entservices-infra-325511/cmake/Findjsoncpp.cmake
2026-02-23 09:54:59,753 - Knowledge - INFO - done ingest for /app/data/T0015/325511/b5520qt/entservices-infra-325511/AppManager/AppManagerImplementation.h
2026-02-23 09:54:59,860 - Knowledge - INFO - Processing batch of 6 files
2026-02-23 09:54:59,879 - Knowledge - INFO - process ingested knowledge for /app/data/T0015/325511/b5520qt/entservices-infra-325511/cmake/FindSqliteSee.cmake
2026-02-23 09:54:59,904 - Knowledge - INFO - Processing batch of 6 files
2026-02-23 09:54:59,929 - Knowledge - INFO - [WEBSOCKET] Sent: Type=progress_update, Size: 290, Duration: 0ms
2026-02-23 09:55:00,056 - Knowledge - INFO - Worker kw3 processing /app/data/T0015/325511/b5520qt/entservices-infra-325511/FbSettings/FbSettings.h
2026-02-23 09:55:00,591 - Knowledge - INFO - process ingested knowledge for /app/data/T0015/325511/b5520qt/entservices-infra-325511/PersistentStore/Module.cpp
2026-02-23 09:55:01,179 - Knowledge - INFO - process ingested knowledge for /app/data/T0015/325511/b5520qt/entservices-infra-325511/RDKWindowManager/Module.h
2026-02-23 09:55:01,180 - Knowledge - INFO - process ingested knowledge for /app/data/T0015/325511/b5520qt/entservices-infra-325511/cmake/FindBCM_HOST.cmake
2026-02-23 09:55:01,443 - Knowledge - INFO - Processing batch of 6 files
2026-02-23 09:55:01,532 - Knowledge - INFO - [WEBSOCKET] Sent: Type=unknown, Size: ?, Duration: 1603ms
2026-02-23 09:55:01,593 - Knowledge - INFO - Worker kw3 processing /app/data/T0015/325511/b5520qt/entservices-infra-325511/PreinstallManager/PreinstallManagerPlugin.json
2026-02-23 09:55:01,731 - Knowledge - INFO - process ingested knowledge for /app/data/T0015/325511/b5520qt/entservices-infra-325511/PersistentStore/CHANGELOG.md
2026-02-23 09:55:01,844 - Knowledge - INFO - process ingested knowledge for /app/data/T0015/325511/b5520qt/entservices-infra-325511/RDKWindowManager/RDKWindowManager.h
2026-02-23 09:55:01,937 - Knowledge - INFO - process ingested knowledge for /app/data/T0015/325511/b5520qt/entservices-infra-325511/RDKShell/Module.h
2026-02-23 09:55:02,144 - Knowledge - INFO - process ingested knowledge for /app/data/T0015/325511/b5520qt/entservices-infra-325511/Migration/Module.cpp
2026-02-23 09:55:02,330 - Knowledge - INFO - Progress: 31.6% | Files: 151/475 | Rate: 1.19 files/sec | Queue: 247
2026-02-23 09:55:02,340 - Knowledge - INFO - [LLM_CALL] Completed: StubTest.cpp:chunk1, Duration: 95246ms, PromptTokens: 9384, CompletionTokens: 427, Cost: $0.00111
2026-02-23 09:55:02,458 - Knowledge - INFO - Fast-tracked /app/data/T0015/325511/b5520qt/entservices-infra-325511/PreinstallManager/PreinstallManagerPlugin.json (ext=.json, size=344)
2026-02-23 09:55:02,537 - Knowledge - INFO - [kw2] Queue=247, InProgress=0, PendingWorkers=20/20, Completed=151/475 (31.8%)
2026-02-23 09:55:02,628 - Knowledge - INFO - process ingested knowledge for /app/data/T0015/325511/b5520qt/entservices-infra-325511/PersistentStore/PersistentStore.cpp
2026-02-23 09:55:03,124 - Knowledge - INFO - process ingested knowledge for /app/data/T0015/325511/b5520qt/entservices-infra-325511/RDKWindowManager/CMakeLists.txt
2026-02-23 09:55:03,136 - Knowledge - INFO - process ingested knowledge for /app/data/T0015/325511/b5520qt/entservices-infra-325511/RDKShell/RialtoConnector.h
2026-02-23 09:55:03,150 - Knowledge - INFO - process ingested knowledge for /app/data/T0015/325511/b5520qt/entservices-infra-325511/Migration/CHANGELOG.md
2026-02-23 09:55:03,166 - Knowledge - INFO - [kw18] Queue=247, InProgress=0, PendingWorkers=20/20, Completed=151/475 (31.8%)
2026-02-23 09:55:03,315 - Knowledge - INFO - done ingest for /app/data/T0015/325511/b5520qt/entservices-infra-325511/CloudStore/grpc/l2test/StubTest.cpp
2026-02-23 09:55:03,436 - Knowledge - INFO - Worker kw3 processing /app/data/T0015/325511/b5520qt/entservices-infra-325511/PreinstallManager/PreinstallManagerImplementation.cpp
2026-02-23 09:55:03,937 - Knowledge - INFO - Batch sizing: calculated=6, max_allowed=10, queue=247, active_workers=20/20
2026-02-23 09:55:04,069 - Knowledge - INFO - process ingested knowledge for /app/data/T0015/325511/b5520qt/entservices-infra-325511/cmake/FindDL.cmake
2026-02-23 09:55:04,291 - Knowledge - INFO - process ingested knowledge for /app/data/T0015/325511/b5520qt/entservices-infra-325511/RDKWindowManager/RDKWindowManager.cpp
2026-02-23 09:55:04,840 - Knowledge - INFO - process ingested knowledge for /app/data/T0015/325511/b5520qt/entservices-infra-325511/RDKShell/RDKShell.cpp
2026-02-23 09:55:04,878 - Knowledge - INFO - Async storage completed for 6 embeddings
2026-02-23 09:55:04,878 - Knowledge - INFO - process ingested knowledge for /app/data/T0015/325511/b5520qt/entservices-infra-325511/SceneSet/SceneSet.h
2026-02-23 09:55:04,879 - Knowledge - INFO - Batch sizing: calculated=6, max_allowed=10, queue=247, active_workers=20/20
2026-02-23 09:55:05,022 - Knowledge - INFO - Processing batch of 6 files
2026-02-23 09:55:05,033 - Knowledge - INFO - [kw20] Queue=247, InProgress=0, PendingWorkers=20/20, Completed=156/475 (32.8%)
2026-02-23 09:55:05,430 - Knowledge - INFO - Async storing batch of 6 embeddings
2026-02-23 09:55:05,625 - Knowledge - INFO - process ingested knowledge for /app/data/T0015/325511/b5520qt/entservices-infra-325511/cmake/FindAC.cmake
2026-02-23 09:55:05,844 - Knowledge - INFO - process ingested knowledge for /app/data/T0015/325511/b5520qt/entservices-infra-325511/RDKWindowManager/README.md
2026-02-23 09:55:06,478 - Knowledge - INFO - process ingested knowledge for /app/data/T0015/325511/b5520qt/entservices-infra-325511/SceneSet/Module.h
2026-02-23 09:55:06,513 - Knowledge - INFO - Async storing batch of 6 embeddings
2026-02-23 09:55:06,533 - Knowledge - INFO - process ingested knowledge for /app/data/T0015/325511/b5520qt/entservices-infra-325511/RDKWindowManager/Module.cpp
2026-02-23 09:55:06,877 - Knowledge - INFO - Batch sizing: calculated=6, max_allowed=10, queue=247, active_workers=20/20
2026-02-23 09:55:07,199 - Knowledge - INFO - Worker kw2 processing /app/data/T0015/325511/b5520qt/entservices-infra-325511/PreinstallManager/Module.h
2026-02-23 09:55:07,624 - Knowledge - INFO - process ingested knowledge for /app/data/T0015/325511/b5520qt/entservices-infra-325511/cmake/FindUdev.cmake
2026-02-23 09:55:07,703 - Knowledge - INFO - process ingested knowledge for /app/data/T0015/325511/b5520qt/entservices-infra-325511/RDKWindowManager/RDKWindowManagerImplementation.cpp
2026-02-23 09:55:07,843 - Knowledge - INFO - Processing batch of 6 files
2026-02-23 09:55:08,109 - Knowledge - INFO - Worker kw18 processing /app/data/T0015/325511/b5520qt/entservices-infra-325511/README.md
2026-02-23 09:55:08,472 - Knowledge - INFO - process ingested knowledge for /app/data/T0015/325511/b5520qt/entservices-infra-325511/SceneSet/CMakeLists.txt
2026-02-23 09:55:08,513 - Knowledge - INFO - process ingested knowledge for /app/data/T0015/325511/b5520qt/entservices-infra-325511/RDKWindowManager/CHANGELOG.md
2026-02-23 09:55:08,528 - Knowledge - INFO - Async storing batch of 6 embeddings
2026-02-23 09:55:08,573 - Knowledge - INFO - Fast-tracked /app/data/T0015/325511/b5520qt/entservices-infra-325511/PreinstallManager/Module.h (ext=.h, size=879)
2026-02-23 09:55:09,126 - Knowledge - INFO - process ingested knowledge for /app/data/T0015/325511/b5520qt/entservices-infra-325511/CloudStore/grpc/l2test/CMakeLists.txt
2026-02-23 09:55:09,302 - Knowledge - INFO - [LLM_CALL] Completed: USBDeviceImplementation.h:chunk1, Duration: 63913ms, PromptTokens: 3868, CompletionTokens: 906, Cost: $0.00075
2026-02-23 09:55:09,492 - Knowledge - INFO - Fast-tracked /app/data/T0015/325511/b5520qt/entservices-infra-325511/README.md (ext=.md, size=70)
2026-02-23 09:55:09,809 - Knowledge - INFO - Worker kw20 processing /app/data/T0015/325511/b5520qt/entservices-infra-325511/helpers/ContextUtils.h
2026-02-23 09:55:10,002 - Knowledge - INFO - Worker kw2 processing /app/data/T0015/325511/b5520qt/entservices-infra-325511/PreinstallManager/PreinstallManager.cpp
2026-02-23 09:55:10,445 - Knowledge - INFO - done ingest for /app/data/T0015/325511/b5520qt/entservices-infra-325511/USBDevice/USBDeviceImplementation.h
2026-02-23 09:55:10,469 - Knowledge - INFO - [LLM_CALL] Completed: PersistentStore.h:chunk1, Duration: 60399ms, PromptTokens: 4200, CompletionTokens: 1029, Cost: $0.00083
2026-02-23 09:55:10,653 - Knowledge - INFO - Worker kw18 processing /app/data/T0015/325511/b5520qt/entservices-infra-325511/helpers/UtilsIarm.h
2026-02-23 09:55:10,836 - Knowledge - INFO - process ingested knowledge for /app/data/T0015/325511/b5520qt/entservices-infra-325511/AppManager/AppManagerImplementation.h
2026-02-23 09:55:11,348 - Knowledge - INFO - Worker kw20 processing /app/data/T0015/325511/b5520qt/entservices-infra-325511/helpers/StreamJSONOneShot.h
2026-02-23 09:55:11,647 - Knowledge - INFO - Worker kw2 processing /app/data/T0015/325511/b5520qt/entservices-infra-325511/PreinstallManager/CMakeLists.txt
2026-02-23 09:55:11,655 - Knowledge - INFO - process ingested knowledge for /app/data/T0015/325511/b5520qt/entservices-infra-325511/SceneSet/SceneSet.cpp
2026-02-23 09:55:11,955 - Knowledge - INFO - done ingest for /app/data/T0015/325511/b5520qt/entservices-infra-325511/PersistentStore/PersistentStore.h
2026-02-23 09:55:12,203 - Knowledge - INFO - [LLM_CALL] Completed: PersistentStoreJsonRpc.cpp:chunk1, Duration: 44376ms, PromptTokens: 4358, CompletionTokens: 1041, Cost: $0.00085
2026-02-23 09:55:12,497 - Knowledge - INFO - Worker kw18 processing /app/data/T0015/325511/b5520qt/entservices-infra-325511/helpers/UtilsLOG_MILESTONE.h
2026-02-23 09:55:12,783 - Knowledge - INFO - Worker kw20 processing /app/data/T0015/325511/b5520qt/entservices-infra-325511/helpers/UtilsTelemetry.h
2026-02-23 09:55:12,926 - Knowledge - INFO - Fast-tracked /app/data/T0015/325511/b5520qt/entservices-infra-325511/PreinstallManager/CMakeLists.txt (ext=.txt, size=3211)
2026-02-23 09:55:12,965 - Knowledge - INFO - process ingested knowledge for /app/data/T0015/325511/b5520qt/entservices-infra-325511/CloudStore/grpc/l2test/StubTest.cpp
2026-02-23 09:55:13,771 - Knowledge - INFO - done ingest for /app/data/T0015/325511/b5520qt/entservices-infra-325511/PersistentStore/PersistentStoreJsonRpc.cpp
2026-02-23 09:55:13,797 - Knowledge - INFO - [LLM_CALL] Completed: AppManager.cpp:chunk1, Duration: 74308ms, PromptTokens: 3514, CompletionTokens: 664, Cost: $0.00062
2026-02-23 09:55:13,840 - Knowledge - INFO - Async storage completed for 6 embeddings
2026-02-23 09:55:14,133 - Knowledge - INFO - Fast-tracked /app/data/T0015/325511/b5520qt/entservices-infra-325511/helpers/UtilsLOG_MILESTONE.h (ext=.h, size=810)
2026-02-23 09:55:14,345 - Knowledge - INFO - Fast-tracked /app/data/T0015/325511/b5520qt/entservices-infra-325511/helpers/UtilsTelemetry.h (ext=.h, size=1892)
2026-02-23 09:55:14,679 - Knowledge - INFO - Worker kw2 processing /app/data/T0015/325511/b5520qt/entservices-infra-325511/PreinstallManager/PreinstallManagerImplementation.h
2026-02-23 09:55:14,771 - Knowledge - INFO - process ingested knowledge for /app/data/T0015/325511/b5520qt/entservices-infra-325511/AppManager/Module.h
2026-02-23 09:55:15,048 - Knowledge - INFO - done ingest for /app/data/T0015/325511/b5520qt/entservices-infra-325511/AppManager/AppManager.cpp
2026-02-23 09:55:15,111 - Knowledge - INFO - [LLM_CALL] Completed: MessageControl.h:chunk1, Duration: 68519ms, PromptTokens: 6780, CompletionTokens: 1044, Cost: $0.00110
2026-02-23 09:55:15,393 - Knowledge - INFO - Worker kw18 processing /app/data/T0015/325511/b5520qt/entservices-infra-325511/helpers/UtilsgetRFCConfig.h
2026-02-23 09:55:15,532 - Knowledge - INFO - Worker kw20 processing /app/data/T0015/325511/b5520qt/entservices-infra-325511/helpers/UtilsgetFileContent.h
2026-02-23 09:55:15,693 - Knowledge - INFO - process ingested knowledge for /app/data/T0015/325511/b5520qt/entservices-infra-325511/CloudStore/grpc/Store2.h
2026-02-23 09:55:15,717 - Knowledge - INFO - Worker kw2 processing /app/data/T0015/325511/b5520qt/entservices-infra-325511/PreinstallManager/Module.cpp
2026-02-23 09:55:16,065 - Knowledge - INFO - done ingest for /app/data/T0015/325511/b5520qt/entservices-infra-325511/MessageControl/MessageControl.h
2026-02-23 09:55:16,334 - Knowledge - INFO - Fast-tracked /app/data/T0015/325511/b5520qt/entservices-infra-325511/helpers/UtilsgetRFCConfig.h (ext=.h, size=1043)
2026-02-23 09:55:16,500 - Knowledge - INFO - Worker kw20 processing /app/data/T0015/325511/b5520qt/entservices-infra-325511/helpers/UtilsConnections.h
2026-02-23 09:55:16,857 - Knowledge - INFO - Fast-tracked /app/data/T0015/325511/b5520qt/entservices-infra-325511/PreinstallManager/Module.cpp (ext=.cpp, size=762)
2026-02-23 09:55:16,907 - Knowledge - INFO - [LLM_CALL] Completed: AppManager.h:chunk1, Duration: 102304ms, PromptTokens: 2882, CompletionTokens: 522, Cost: $0.00050
2026-02-23 09:55:17,653 - Knowledge - INFO - Worker kw18 processing /app/data/T0015/325511/b5520qt/entservices-infra-325511/helpers/UtilsThreadRAII.h
2026-02-23 09:55:18,004 - Knowledge - INFO - Worker kw2 processing /app/data/T0015/325511/b5520qt/entservices-infra-325511/PreinstallManager/PreinstallManager.h
2026-02-23 09:55:18,208 - Knowledge - INFO - Fast-tracked /app/data/T0015/325511/b5520qt/entservices-infra-325511/helpers/UtilsConnections.h (ext=.h, size=1748)
2026-02-23 09:55:18,210 - Knowledge - INFO - done ingest for /app/data/T0015/325511/b5520qt/entservices-infra-325511/AppManager/AppManager.h
2026-02-23 09:55:18,369 - Knowledge - INFO - Fast-tracked /app/data/T0015/325511/b5520qt/entservices-infra-325511/helpers/UtilsThreadRAII.h (ext=.h, size=1417)
2026-02-23 09:55:18,416 - Knowledge - INFO - process ingested knowledge for /app/data/T0015/325511/b5520qt/entservices-infra-325511/AppManager/AppManagerTelemetryReporting.cpp
2026-02-23 09:55:18,447 - Knowledge - INFO - process ingested knowledge for /app/data/T0015/325511/b5520qt/entservices-infra-325511/CloudStore/CloudStore.h
2026-02-23 09:55:18,893 - Knowledge - INFO - Worker kw20 processing /app/data/T0015/325511/b5520qt/entservices-infra-325511/helpers/WebSockets/WSEndpoint.cpp
2026-02-23 09:55:19,180 - Knowledge - INFO - Worker kw18 processing /app/data/T0015/325511/b5520qt/entservices-infra-325511/helpers/UtilsCallsign.h
2026-02-23 09:55:19,283 - Knowledge - INFO - [WEBSOCKET] Sent: Type=progress_update, Size: 291, Duration: 0ms
2026-02-23 09:55:20,225 - Knowledge - INFO - Fast-tracked /app/data/T0015/325511/b5520qt/entservices-infra-325511/helpers/ContextUtils.h (small file (2584 bytes))
2026-02-23 09:55:20,225 - Knowledge - INFO - Fast-tracked /app/data/T0015/325511/b5520qt/entservices-infra-325511/helpers/UtilsCallsign.h (ext=.h, size=1227)
2026-02-23 09:55:20,464 - Knowledge - INFO - [WEBSOCKET] Sent: Type=unknown, Size: ?, Duration: 1182ms
2026-02-23 09:55:21,017 - Knowledge - INFO - Fast-tracked /app/data/T0015/325511/b5520qt/entservices-infra-325511/helpers/UtilsIarm.h (small file (2992 bytes))
2026-02-23 09:55:21,173 - Knowledge - INFO - Progress: 34.1% | Files: 162/475 | Rate: 1.13 files/sec | Queue: 229
2026-02-23 09:55:21,418 - Knowledge - INFO - Async storage completed for 6 embeddings
2026-02-23 09:55:21,430 - Knowledge - INFO - process ingested knowledge for /app/data/T0015/325511/b5520qt/entservices-infra-325511/AppManager/LifecycleInterfaceConnector.h
2026-02-23 09:55:22,310 - Knowledge - INFO - done ingest for /app/data/T0015/325511/b5520qt/entservices-infra-325511/PersistentStore/sqlite/Store2.h
2026-02-23 09:55:22,507 - Knowledge - INFO - [LLM_CALL] Completed: PersistentStoreImplementation.h:chunk1, Duration: 70854ms, PromptTokens: 4480, CompletionTokens: 791, Cost: $0.00076
2026-02-23 09:55:22,707 - Knowledge - INFO - process ingested knowledge for /app/data/T0015/325511/b5520qt/entservices-infra-325511/CloudStore/CMakeLists.txt
2026-02-23 09:55:22,773 - Knowledge - INFO - [kw7] Queue=229, InProgress=0, PendingWorkers=20/20, Completed=162/475 (34.1%)
2026-02-23 09:55:22,783 - Knowledge - INFO - [kw12] Queue=229, InProgress=0, PendingWorkers=20/20, Completed=162/475 (34.1%)
2026-02-23 09:55:22,989 - Knowledge - INFO - done ingest for /app/data/T0015/325511/b5520qt/entservices-infra-325511/PersistentStore/PersistentStoreImplementation.h
2026-02-23 09:55:23,407 - Knowledge - INFO - Batch sizing: calculated=6, max_allowed=10, queue=229, active_workers=20/20
2026-02-23 09:55:23,769 - Knowledge - INFO - Batch sizing: calculated=6, max_allowed=10, queue=229, active_workers=20/20
2026-02-23 09:55:24,033 - Knowledge - INFO - [LLM_CALL] Completed: DobbyInterface.h:chunk1, Duration: 60796ms, PromptTokens: 2626, CompletionTokens: 807, Cost: $0.00059
2026-02-23 09:55:24,256 - Knowledge - INFO - process ingested knowledge for /app/data/T0015/325511/b5520qt/entservices-infra-325511/CloudStore/CloudStore.cpp
2026-02-23 09:55:24,908 - Knowledge - INFO - done ingest for /app/data/T0015/325511/b5520qt/entservices-infra-325511/OCIContainer/DobbyInterface.h
2026-02-23 09:55:25,278 - Knowledge - INFO - [LLM_CALL] Completed: SettingsDelegate.h:chunk1, Duration: 23763ms, PromptTokens: 2224, CompletionTokens: 467, Cost: $0.00041
2026-02-23 09:55:25,668 - Knowledge - INFO - done ingest for /app/data/T0015/325511/b5520qt/entservices-infra-325511/FbSettings/delegate/SettingsDelegate.h
2026-02-23 09:55:25,794 - Knowledge - INFO - Async storing batch of 6 embeddings
2026-02-23 09:55:25,854 - Knowledge - INFO - Async storing batch of 6 embeddings
2026-02-23 09:55:26,415 - Knowledge - INFO - Worker kw7 processing /app/data/T0015/325511/b5520qt/entservices-infra-325511/helpers/WebSockets/PingPong/PingPongDisabled.h
2026-02-23 09:55:26,768 - Knowledge - INFO - Worker kw12 processing /app/data/T0015/325511/b5520qt/entservices-infra-325511/helpers/WebSockets/Encryption/TlsEnabled.h
2026-02-23 09:55:27,172 - Knowledge - INFO - [LLM_CALL] Completed: OCIContainerImplementation.h:chunk1, Duration: 67279ms, PromptTokens: 3484, CompletionTokens: 1110, Cost: $0.00079
2026-02-23 09:55:27,288 - Knowledge - INFO - Fast-tracked /app/data/T0015/325511/b5520qt/entservices-infra-325511/helpers/WebSockets/PingPong/PingPongDisabled.h (ext=.h, size=1228)
2026-02-23 09:55:27,525 - Knowledge - INFO - Worker kw12 processing /app/data/T0015/325511/b5520qt/entservices-infra-325511/helpers/WebSockets/Encryption/NoEncryption.h
2026-02-23 09:55:27,691 - Knowledge - INFO - done ingest for /app/data/T0015/325511/b5520qt/entservices-infra-325511/OCIContainer/OCIContainerImplementation.h
2026-02-23 09:55:27,721 - Knowledge - INFO - [LLM_CALL] Completed: RialtoConnector.cpp:chunk1, Duration: 36818ms, PromptTokens: 3036, CompletionTokens: 532, Cost: $0.00052
2026-02-23 09:55:27,988 - Knowledge - INFO - Worker kw7 processing /app/data/T0015/325511/b5520qt/entservices-infra-325511/helpers/WebSockets/PingPong/PingPongEnabled.h
2026-02-23 09:55:28,313 - Knowledge - INFO - Fast-tracked /app/data/T0015/325511/b5520qt/entservices-infra-325511/helpers/WebSockets/Encryption/NoEncryption.h (ext=.h, size=1649)
2026-02-23 09:55:28,633 - Knowledge - INFO - done ingest for /app/data/T0015/325511/b5520qt/entservices-infra-325511/RDKShell/RialtoConnector.cpp
2026-02-23 09:55:28,717 - Knowledge - INFO - [LLM_CALL] Completed: MessageOutput.cpp:chunk1, Duration: 52514ms, PromptTokens: 3882, CompletionTokens: 753, Cost: $0.00069
2026-02-23 09:55:29,010 - Knowledge - INFO - [kw15] Queue=217, InProgress=0, PendingWorkers=20/20, Completed=168/475 (35.4%)
2026-02-23 09:55:29,043 - Knowledge - INFO - Worker kw7 processing /app/data/T0015/325511/b5520qt/entservices-infra-325511/helpers/WebSockets/WSEndpoint.h
2026-02-23 09:55:29,195 - Knowledge - INFO - Worker kw12 processing /app/data/T0015/325511/b5520qt/entservices-infra-325511/helpers/WebSockets/CommunicationInterface/BinaryInterface.h
2026-02-23 09:55:29,677 - Knowledge - INFO - done ingest for /app/data/T0015/325511/b5520qt/entservices-infra-325511/MessageControl/MessageOutput.cpp
2026-02-23 09:55:29,925 - Knowledge - INFO - Batch sizing: calculated=6, max_allowed=10, queue=217, active_workers=20/20
2026-02-23 09:55:30,230 - Knowledge - INFO - Worker kw7 processing /app/data/T0015/325511/b5520qt/entservices-infra-325511/helpers/WebSockets/Roles/SingleClientServer.h
2026-02-23 09:55:30,666 - Knowledge - INFO - Fast-tracked /app/data/T0015/325511/b5520qt/entservices-infra-325511/helpers/WebSockets/CommunicationInterface/BinaryInterface.h (ext=.h, size=1699)
2026-02-23 09:55:30,725 - Knowledge - INFO - [LLM_CALL] Completed: LifecycleInterfaceConnector.cpp:chunk1, Duration: 103533ms, PromptTokens: 19160, CompletionTokens: 1160, Cost: $0.00238
2026-02-23 09:55:31,169 - Knowledge - INFO - Async storage completed for 6 embeddings
2026-02-23 09:55:31,476 - Knowledge - INFO - Worker kw7 processing /app/data/T0015/325511/b5520qt/entservices-infra-325511/helpers/WebSockets/Roles/Client.h
2026-02-23 09:55:31,505 - Knowledge - INFO - Worker kw12 processing /app/data/T0015/325511/b5520qt/entservices-infra-325511/helpers/WebSockets/CommunicationInterface/JsonRpcInterface.h
2026-02-23 09:55:31,743 - Knowledge - INFO - done ingest for /app/data/T0015/325511/b5520qt/entservices-infra-325511/AppManager/LifecycleInterfaceConnector.cpp
2026-02-23 09:55:31,833 - Knowledge - INFO - [LLM_CALL] Completed: OCIContainer.cpp:chunk1, Duration: 54400ms, PromptTokens: 3116, CompletionTokens: 610, Cost: $0.00056
2026-02-23 09:55:31,914 - Knowledge - INFO - Worker kw7 processing /app/data/T0015/325511/b5520qt/entservices-infra-325511/helpers/WebSockets/ConnectionInitializationResult.h
2026-02-23 09:55:32,056 - Knowledge - INFO - Worker kw12 processing /app/data/T0015/325511/b5520qt/entservices-infra-325511/helpers/WebSockets/CommunicationInterface/CommandInterface.h
2026-02-23 09:55:32,457 - Knowledge - INFO - done ingest for /app/data/T0015/325511/b5520qt/entservices-infra-325511/OCIContainer/OCIContainer.cpp
2026-02-23 09:55:32,708 - Knowledge - INFO - Async storing batch of 6 embeddings
2026-02-23 09:55:33,297 - Knowledge - INFO - Fast-tracked /app/data/T0015/325511/b5520qt/entservices-infra-325511/helpers/WebSockets/ConnectionInitializationResult.h (ext=.h, size=1319)
2026-02-23 09:55:33,355 - Knowledge - INFO - [LLM_CALL] Completed: USBDeviceImplementation.cpp:chunk1, Duration: 69999ms, PromptTokens: 20204, CompletionTokens: 1200, Cost: $0.00250
2026-02-23 09:55:33,445 - Knowledge - INFO - Worker kw12 processing /app/data/T0015/325511/b5520qt/entservices-infra-325511/helpers/WebSockets/JsonRpc/Response.cpp
2026-02-23 09:55:33,798 - Knowledge - INFO - Worker kw15 processing /app/data/T0015/325511/b5520qt/entservices-infra-325511/helpers/WebSockets/JsonRpc/Notification.cpp
2026-02-23 09:55:34,066 - Knowledge - INFO - [kw6] Queue=211, InProgress=0, PendingWorkers=20/20, Completed=170/475 (35.8%)
2026-02-23 09:55:34,432 - Knowledge - INFO - done ingest for /app/data/T0015/325511/b5520qt/entservices-infra-325511/USBDevice/USBDeviceImplementation.cpp
2026-02-23 09:55:34,764 - Knowledge - INFO - Processing batch of 6 files
2026-02-23 09:55:34,990 - Knowledge - INFO - Fast-tracked /app/data/T0015/325511/b5520qt/entservices-infra-325511/helpers/WebSockets/JsonRpc/Notification.cpp (ext=.cpp, size=1518)
2026-02-23 09:55:35,111 - Knowledge - INFO - Batch sizing: calculated=6, max_allowed=10, queue=211, active_workers=20/20
2026-02-23 09:55:35,428 - Knowledge - INFO - [LLM_CALL] Completed: DobbyInterface.cpp:chunk1, Duration: 90058ms, PromptTokens: 12862, CompletionTokens: 1588, Cost: $0.00192
2026-02-23 09:55:35,623 - Knowledge - INFO - process ingested knowledge for /app/data/T0015/325511/b5520qt/entservices-infra-325511/README.md
2026-02-23 09:55:35,872 - Knowledge - INFO - Async storage completed for 6 embeddings
2026-02-23 09:55:35,916 - Knowledge - INFO - Worker kw15 processing /app/data/T0015/325511/b5520qt/entservices-infra-325511/helpers/WebSockets/JsonRpc/Request.cpp
2026-02-23 09:55:36,566 - Knowledge - INFO - done ingest for /app/data/T0015/325511/b5520qt/entservices-infra-325511/OCIContainer/DobbyInterface.cpp
2026-02-23 09:55:36,632 - Knowledge - INFO - [LLM_CALL] Completed: MessageControl.cpp:chunk1, Duration: 74222ms, PromptTokens: 3482, CompletionTokens: 901, Cost: $0.00071
2026-02-23 09:55:37,351 - Knowledge - INFO - process ingested knowledge for /app/data/T0015/325511/b5520qt/entservices-infra-325511/helpers/UtilsIarm.h
2026-02-23 09:55:37,433 - Knowledge - INFO - Fast-tracked /app/data/T0015/325511/b5520qt/entservices-infra-325511/helpers/WebSockets/JsonRpc/Request.cpp (ext=.cpp, size=1781)
2026-02-23 09:55:37,804 - Knowledge - INFO - done ingest for /app/data/T0015/325511/b5520qt/entservices-infra-325511/MessageControl/MessageControl.cpp
2026-02-23 09:55:37,983 - Knowledge - INFO - Async storing batch of 6 embeddings
2026-02-23 09:55:38,404 - Knowledge - INFO - Worker kw15 processing /app/data/T0015/325511/b5520qt/entservices-infra-325511/helpers/WebSockets/JsonRpc/Response.h
2026-02-23 09:55:38,620 - Knowledge - INFO - [LLM_CALL] Completed: MessageOutput.h:chunk1, Duration: 75745ms, PromptTokens: 8924, CompletionTokens: 1429, Cost: $0.00146
2026-02-23 09:55:38,705 - Knowledge - INFO - process ingested knowledge for /app/data/T0015/325511/b5520qt/entservices-infra-325511/helpers/UtilsLOG_MILESTONE.h
2026-02-23 09:55:38,769 - Knowledge - INFO - Worker kw6 processing /app/data/T0015/325511/b5520qt/entservices-infra-325511/helpers/cSettings.h
2026-02-23 09:55:39,092 - Knowledge - INFO - Fast-tracked /app/data/T0015/325511/b5520qt/entservices-infra-325511/helpers/WebSockets/JsonRpc/Response.h (ext=.h, size=1276)
2026-02-23 09:55:39,199 - Knowledge - INFO - Fast-tracked /app/data/T0015/325511/b5520qt/entservices-infra-325511/helpers/WebSockets/WSEndpoint.h (small file (2873 bytes))
2026-02-23 09:55:39,349 - Knowledge - INFO - done ingest for /app/data/T0015/325511/b5520qt/entservices-infra-325511/MessageControl/MessageOutput.h
2026-02-23 09:55:39,413 - Knowledge - INFO - process ingested knowledge for /app/data/T0015/325511/b5520qt/entservices-infra-325511/helpers/UtilsgetRFCConfig.h
2026-02-23 09:55:39,634 - Knowledge - INFO - [kw13] Queue=205, InProgress=0, PendingWorkers=20/20, Completed=177/475 (37.3%)
2026-02-23 09:55:39,694 - Knowledge - INFO - [WEBSOCKET] Sent: Type=progress_update, Size: 289, Duration: 76ms
2026-02-23 09:55:39,710 - Knowledge - INFO - Worker kw6 processing /app/data/T0015/325511/b5520qt/entservices-infra-325511/helpers/UtilsBIT.h
2026-02-23 09:55:39,940 - Knowledge - INFO - Worker kw15 processing /app/data/T0015/325511/b5520qt/entservices-infra-325511/helpers/WebSockets/JsonRpc/Notification.h
2026-02-23 09:55:40,355 - Knowledge - INFO - process ingested knowledge for /app/data/T0015/325511/b5520qt/entservices-infra-325511/helpers/UtilsThreadRAII.h
2026-02-23 09:55:40,555 - Knowledge - INFO - Batch sizing: calculated=6, max_allowed=10, queue=205, active_workers=20/20
2026-02-23 09:55:40,828 - Knowledge - INFO - Processing batch of 6 files
2026-02-23 09:55:40,910 - Knowledge - INFO - [WEBSOCKET] Sent: Type=unknown, Size: ?, Duration: 1464ms
2026-02-23 09:55:41,017 - Knowledge - INFO - Fast-tracked /app/data/T0015/325511/b5520qt/entservices-infra-325511/helpers/UtilsBIT.h (ext=.h, size=1312)
2026-02-23 09:55:41,290 - Knowledge - INFO - process ingested knowledge for /app/data/T0015/325511/b5520qt/entservices-infra-325511/helpers/UtilsCallsign.h
2026-02-23 09:55:41,303 - Knowledge - INFO - Fast-tracked /app/data/T0015/325511/b5520qt/entservices-infra-325511/helpers/WebSockets/JsonRpc/Notification.h (ext=.h, size=1157)
2026-02-23 09:55:41,592 - Knowledge - INFO - process ingested knowledge for /app/data/T0015/325511/b5520qt/entservices-infra-325511/PersistentStore/sqlite/l1test/Store2NotificationMock.h
2026-02-23 09:55:41,903 - Knowledge - INFO - Progress: 36.8% | Files: 180/475 | Rate: 1.09 files/sec | Queue: 199
2026-02-23 09:55:42,090 - Knowledge - INFO - [LLM_CALL] Completed: Store2Test.cpp:chunk1, Duration: 64618ms, PromptTokens: 8858, CompletionTokens: 620, Cost: $0.00113
2026-02-23 09:55:42,091 - Knowledge - INFO - Async storing batch of 6 embeddings
2026-02-23 09:55:42,149 - Knowledge - INFO - Worker kw6 processing /app/data/T0015/325511/b5520qt/entservices-infra-325511/helpers/UtilsJsonRpc.h
2026-02-23 09:55:42,474 - Knowledge - INFO - Worker kw15 processing /app/data/T0015/325511/b5520qt/entservices-infra-325511/helpers/WebSockets/JsonRpc/Request.h
2026-02-23 09:55:42,765 - Knowledge - INFO - process ingested knowledge for /app/data/T0015/325511/b5520qt/entservices-infra-325511/PersistentStore/sqlite/l1test/CMakeLists.txt
2026-02-23 09:55:42,852 - Knowledge - INFO - [kw16] Queue=199, InProgress=0, PendingWorkers=20/20, Completed=181/475 (38.1%)
2026-02-23 09:55:42,978 - Knowledge - INFO - done ingest for /app/data/T0015/325511/b5520qt/entservices-infra-325511/PersistentStore/sqlite/l1test/Store2Test.cpp
2026-02-23 09:55:43,086 - Knowledge - INFO - [LLM_CALL] Completed: MessageControlImplementation.cpp:chunk1, Duration: 98290ms, PromptTokens: 3394, CompletionTokens: 841, Cost: $0.00068
2026-02-23 09:55:43,151 - Knowledge - INFO - Worker kw13 processing /app/data/T0015/325511/b5520qt/entservices-infra-325511/helpers/UtilsisValidInt.h
2026-02-23 09:55:43,284 - Knowledge - INFO - Worker kw6 processing /app/data/T0015/325511/b5520qt/entservices-infra-325511/helpers/UtilsSynchroIarm.hpp
2026-02-23 09:55:43,469 - Knowledge - INFO - Fast-tracked /app/data/T0015/325511/b5520qt/entservices-infra-325511/helpers/WebSockets/JsonRpc/Request.h (ext=.h, size=1283)
2026-02-23 09:55:43,590 - Knowledge - INFO - process ingested knowledge for /app/data/T0015/325511/b5520qt/entservices-infra-325511/PersistentStore/PersistentStoreImplementation.h
2026-02-23 09:55:43,734 - Knowledge - INFO - Batch sizing: calculated=5, max_allowed=10, queue=199, active_workers=20/20
2026-02-23 09:55:44,112 - Knowledge - INFO - done ingest for /app/data/T0015/325511/b5520qt/entservices-infra-325511/MessageControl/MessageControlImplementation.cpp
2026-02-23 09:55:44,130 - Knowledge - INFO - Fast-tracked /app/data/T0015/325511/b5520qt/entservices-infra-325511/helpers/WebSockets/Roles/Client.h (small file (2756 bytes))
2026-02-23 09:55:44,183 - Knowledge - INFO - Fast-tracked /app/data/T0015/325511/b5520qt/entservices-infra-325511/helpers/WebSockets/CommunicationInterface/CommandInterface.h (small file (2143 bytes))
2026-02-23 09:55:44,332 - Knowledge - INFO - Fast-tracked /app/data/T0015/325511/b5520qt/entservices-infra-325511/helpers/UtilsisValidInt.h (ext=.h, size=1601)
2026-02-23 09:55:44,400 - Knowledge - INFO - Processing batch of 6 files
2026-02-23 09:55:44,454 - Knowledge - INFO - [LLM_CALL] Completed: OCIContainerImplementation.cpp:chunk1, Duration: 99081ms, PromptTokens: 5188, CompletionTokens: 1062, Cost: $0.00094
2026-02-23 09:55:44,504 - Knowledge - INFO - Worker kw6 processing /app/data/T0015/325511/b5520qt/entservices-infra-325511/helpers/UtilsProcess.h
2026-02-23 09:55:44,567 - Knowledge - INFO - Worker kw15 processing /app/data/T0015/325511/b5520qt/entservices-infra-325511/helpers/frontpanel.cpp
2026-02-23 09:55:45,040 - Knowledge - INFO - process ingested knowledge for /app/data/T0015/325511/b5520qt/entservices-infra-325511/PersistentStore/CMakeLists.txt
2026-02-23 09:55:45,429 - Knowledge - INFO - Async storage completed for 6 embeddings
2026-02-23 09:55:45,721 - Knowledge - INFO - Fast-tracked /app/data/T0015/325511/b5520qt/entservices-infra-325511/helpers/WebSockets/JsonRpc/Response.cpp (small file (2421 bytes))
2026-02-23 09:55:45,733 - Knowledge - INFO - Worker kw13 processing /app/data/T0015/325511/b5520qt/entservices-infra-325511/helpers/ObjectUtils.h
2026-02-23 09:55:45,910 - Knowledge - INFO - process ingested knowledge for /app/data/T0015/325511/b5520qt/entservices-infra-325511/SceneSet/Module.cpp
2026-02-23 09:55:46,044 - Knowledge - INFO - done ingest for /app/data/T0015/325511/b5520qt/entservices-infra-325511/OCIContainer/OCIContainerImplementation.cpp
2026-02-23 09:55:46,064 - Knowledge - INFO - Processing batch of 6 files
2026-02-23 09:55:46,086 - Knowledge - INFO - Async storing batch of 6 embeddings
2026-02-23 09:55:46,326 - Knowledge - INFO - Worker kw6 processing /app/data/T0015/325511/b5520qt/entservices-infra-325511/helpers/UtilsString.h
2026-02-23 09:55:46,541 - Knowledge - INFO - process ingested knowledge for /app/data/T0015/325511/b5520qt/entservices-infra-325511/PersistentStore/PersistentStoreJsonRpc.cpp
2026-02-23 09:55:46,647 - Knowledge - INFO - [WEBSOCKET] Sent: Type=progress_update, Size: 292, Duration: 0ms
2026-02-23 09:55:46,870 - Knowledge - INFO - Async storage completed for 6 embeddings
2026-02-23 09:55:47,083 - Knowledge - INFO - Worker kw13 processing /app/data/T0015/325511/b5520qt/entservices-infra-325511/helpers/UtilssyncPersistFile.h
2026-02-23 09:55:47,279 - Knowledge - INFO - process ingested knowledge for /app/data/T0015/325511/b5520qt/entservices-infra-325511/USBDevice/USBDevice.h
2026-02-23 09:55:47,509 - Knowledge - INFO - process ingested knowledge for /app/data/T0015/325511/b5520qt/entservices-infra-325511/OCIContainer/Module.h
2026-02-23 09:55:47,664 - Knowledge - INFO - Worker kw16 processing /app/data/T0015/325511/b5520qt/entservices-infra-325511/helpers/UtilsUUID.h
2026-02-23 09:55:48,031 - Knowledge - WARNING - Timeout processing /app/data/T0015/325511/b5520qt/entservices-infra-325511/AppManager/AppManagerImplementation.cpp after 90s - using fallback metadata
2026-02-23 09:55:48,064 - Knowledge - INFO - process ingested knowledge for /app/data/T0015/325511/b5520qt/entservices-infra-325511/PersistentStore/PersistentStoreImplementation.cpp
2026-02-23 09:55:48,751 - Knowledge - INFO - [WEBSOCKET] Sent: Type=unknown, Size: ?, Duration: 2104ms
2026-02-23 09:55:48,808 - Knowledge - INFO - Async storage completed for 6 embeddings
2026-02-23 09:55:48,911 - Knowledge - INFO - Fast-tracked /app/data/T0015/325511/b5520qt/entservices-infra-325511/helpers/UtilssyncPersistFile.h (ext=.h, size=1541)
2026-02-23 09:55:48,954 - Knowledge - INFO - process ingested knowledge for /app/data/T0015/325511/b5520qt/entservices-infra-325511/USBDevice/Module.h
2026-02-23 09:55:49,091 - Knowledge - INFO - process ingested knowledge for /app/data/T0015/325511/b5520qt/entservices-infra-325511/OCIContainer/DobbyInterface.cpp
2026-02-23 09:55:49,276 - Knowledge - INFO - Fast-tracked /app/data/T0015/325511/b5520qt/entservices-infra-325511/helpers/UtilsUUID.h (ext=.h, size=1031)
2026-02-23 09:55:49,716 - Knowledge - INFO - Progress: 42.3% | Files: 206/475 | Rate: 1.19 files/sec | Queue: 194
2026-02-23 09:55:49,724 - Knowledge - INFO - Processing batch of 6 files
2026-02-23 09:55:49,764 - Knowledge - INFO - [LLM_CALL] Completed: RDKShell.h:chunk1, Duration: 57270ms, PromptTokens: 13510, CompletionTokens: 1959, Cost: $0.00213
2026-02-23 09:55:49,956 - Knowledge - INFO - Worker kw13 processing /app/data/T0015/325511/b5520qt/entservices-infra-325511/helpers/StringUtils.h
2026-02-23 09:55:50,506 - Knowledge - INFO - process ingested knowledge for /app/data/T0015/325511/b5520qt/entservices-infra-325511/USBDevice/USBDeviceImplementation.h
2026-02-23 09:55:50,513 - Knowledge - INFO - process ingested knowledge for /app/data/T0015/325511/b5520qt/entservices-infra-325511/OCIContainer/OCIContainerImplementation.h
2026-02-23 09:55:50,532 - Knowledge - INFO - Worker kw16 processing /app/data/T0015/325511/b5520qt/entservices-infra-325511/helpers/UtilsFirebolt.h
2026-02-23 09:55:50,660 - Knowledge - INFO - [kw18] Queue=194, InProgress=0, PendingWorkers=20/20, Completed=208/475 (43.8%)
2026-02-23 09:55:50,860 - Knowledge - INFO - process ingested knowledge for /app/data/T0015/325511/b5520qt/entservices-infra-325511/USBDevice/USBDevice.cpp
2026-02-23 09:55:51,019 - Knowledge - INFO - done ingest for /app/data/T0015/325511/b5520qt/entservices-infra-325511/RDKShell/RDKShell.h
2026-02-23 09:55:51,124 - Knowledge - INFO - Processing batch of 6 files
2026-02-23 09:55:51,150 - Knowledge - INFO - Processing batch of 6 files
2026-02-23 09:55:51,389 - Knowledge - INFO - Fast-tracked /app/data/T0015/325511/b5520qt/entservices-infra-325511/helpers/StringUtils.h (ext=.h, size=1983)
2026-02-23 09:55:51,829 - Knowledge - INFO - process ingested knowledge for /app/data/T0015/325511/b5520qt/entservices-infra-325511/USBDevice/CMakeLists.txt
2026-02-23 09:55:51,932 - Knowledge - INFO - process ingested knowledge for /app/data/T0015/325511/b5520qt/entservices-infra-325511/OCIContainer/CMakeLists.txt
2026-02-23 09:55:51,954 - Knowledge - INFO - Worker kw16 processing /app/data/T0015/325511/b5520qt/entservices-infra-325511/helpers/PluginInterfaceBuilder.h
2026-02-23 09:55:52,098 - Knowledge - INFO - Batch sizing: calculated=5, max_allowed=10, queue=194, active_workers=20/20
2026-02-23 09:55:52,346 - Knowledge - INFO - Processing batch of 6 files
2026-02-23 09:55:52,607 - Knowledge - INFO - process ingested knowledge for /app/data/T0015/325511/b5520qt/entservices-infra-325511/USBDevice/Module.cpp
2026-02-23 09:55:52,677 - Knowledge - INFO - process ingested knowledge for /app/data/T0015/325511/b5520qt/entservices-infra-325511/MessageControl/CMakeLists.txt
2026-02-23 09:55:52,892 - Knowledge - INFO - process ingested knowledge for /app/data/T0015/325511/b5520qt/entservices-infra-325511/OCIContainer/IEventHandler.h
2026-02-23 09:55:53,054 - Knowledge - INFO - Worker kw13 processing /app/data/T0015/325511/b5520qt/entservices-infra-325511/helpers/BaseEventDelegate.h
2026-02-23 09:55:53,362 - Knowledge - INFO - process ingested knowledge for /app/data/T0015/325511/b5520qt/entservices-infra-325511/USBDevice/USBDeviceImplementation.cpp
2026-02-23 09:55:53,472 - Knowledge - INFO - [WEBSOCKET] Sent: Type=progress_update, Size: 291, Duration: 0ms
2026-02-23 09:55:53,527 - Knowledge - INFO - process ingested knowledge for /app/data/T0015/325511/b5520qt/entservices-infra-325511/OCIContainer/stubs/i_omi_proxy.hpp
2026-02-23 09:55:53,788 - Knowledge - INFO - Worker kw16 processing /app/data/T0015/325511/b5520qt/entservices-infra-325511/helpers/UtilsInputValidator.h
2026-02-23 09:55:54,029 - Knowledge - INFO - process ingested knowledge for /app/data/T0015/325511/b5520qt/entservices-infra-325511/OCIContainer/OCIContainerImplementation.cpp
2026-02-23 09:55:54,161 - Knowledge - INFO - process ingested knowledge for /app/data/T0015/325511/b5520qt/entservices-infra-325511/USBDevice/CHANGELOG.md
2026-02-23 09:55:54,325 - Knowledge - INFO - process ingested knowledge for /app/data/T0015/325511/b5520qt/entservices-infra-325511/MessageControl/MessageControlImplementation.cpp
2026-02-23 09:55:54,406 - Knowledge - INFO - Fast-tracked /app/data/T0015/325511/b5520qt/entservices-infra-325511/helpers/UtilsProcess.h (small file (2699 bytes))
2026-02-23 09:55:54,516 - Knowledge - INFO - process ingested knowledge for /app/data/T0015/325511/b5520qt/entservices-infra-325511/CMakeLists.txt
2026-02-23 09:55:54,661 - Knowledge - INFO - Worker kw13 processing /app/data/T0015/325511/b5520qt/entservices-infra-325511/helpers/UtilsLogging.h
2026-02-23 09:55:54,921 - Knowledge - INFO - [LLM_CALL] Completed: NetworkDelegate.h:chunk1, Duration: 47748ms, PromptTokens: 5012, CompletionTokens: 466, Cost: $0.00069
2026-02-23 09:55:54,937 - Knowledge - INFO - Async storing batch of 6 embeddings
2026-02-23 09:55:55,140 - Knowledge - INFO - Worker kw16 processing /app/data/T0015/325511/b5520qt/entservices-infra-325511/helpers/UtilsSynchro.hpp
2026-02-23 09:55:55,252 - Knowledge - INFO - process ingested knowledge for /app/data/T0015/325511/b5520qt/entservices-infra-325511/OCIContainer/stubs/omi_proxy.hpp
2026-02-23 09:55:55,265 - Knowledge - INFO - process ingested knowledge for /app/data/T0015/325511/b5520qt/entservices-infra-325511/OCIContainer/README.md
2026-02-23 09:55:55,746 - Knowledge - INFO - process ingested knowledge for /app/data/T0015/325511/b5520qt/entservices-infra-325511/MessageControl/Module.h
2026-02-23 09:55:55,758 - Knowledge - INFO - process ingested knowledge for /app/data/T0015/325511/b5520qt/entservices-infra-325511/MessageControl/Module.cpp
2026-02-23 09:55:56,389 - Knowledge - INFO - done ingest for /app/data/T0015/325511/b5520qt/entservices-infra-325511/FbSettings/delegate/NetworkDelegate.h
2026-02-23 09:55:56,396 - Knowledge - INFO - [WEBSOCKET] Sent: Type=unknown, Size: ?, Duration: 2924ms
2026-02-23 09:55:56,569 - Knowledge - INFO - process ingested knowledge for /app/data/T0015/325511/b5520qt/entservices-infra-325511/PersistentStore/PersistentStore.h
2026-02-23 09:55:56,608 - Knowledge - INFO - Worker kw18 processing /app/data/T0015/325511/b5520qt/entservices-infra-325511/helpers/UtilsLibraryLoader.h
2026-02-23 09:55:57,370 - Knowledge - INFO - process ingested knowledge for /app/data/T0015/325511/b5520qt/entservices-infra-325511/OCIContainer/Module.cpp
2026-02-23 09:55:57,376 - Knowledge - INFO - process ingested knowledge for /app/data/T0015/325511/b5520qt/entservices-infra-325511/MessageControl/MessageControl.cpp
2026-02-23 09:55:57,631 - Knowledge - INFO - Progress: 46.5% | Files: 222/475 | Rate: 1.23 files/sec | Queue: 189
2026-02-23 09:55:57,648 - Knowledge - INFO - Processing batch of 6 files
2026-02-23 09:55:57,670 - Knowledge - INFO - [LLM_CALL] Completed: StreamJSONOneShot.h:chunk1, Duration: 36386ms, PromptTokens: 4626, CompletionTokens: 701, Cost: $0.00074
2026-02-23 09:55:57,861 - Knowledge - INFO - process ingested knowledge for /app/data/T0015/325511/b5520qt/entservices-infra-325511/MessageControl/MessageControl.h
2026-02-23 09:55:58,002 - Knowledge - INFO - Worker kw18 processing /app/data/T0015/325511/b5520qt/entservices-infra-325511/helpers/UtilsCStr.h
2026-02-23 09:55:58,174 - Knowledge - INFO - process ingested knowledge for /app/data/T0015/325511/b5520qt/entservices-infra-325511/PersistentStore/Module.h
2026-02-23 09:55:58,460 - Knowledge - INFO - process ingested knowledge for /app/data/T0015/325511/b5520qt/entservices-infra-325511/OCIContainer/DobbyInterface.h
2026-02-23 09:55:58,529 - Knowledge - INFO - process ingested knowledge for /app/data/T0015/325511/b5520qt/entservices-infra-325511/MessageControl/CHANGELOG.md
2026-02-23 09:55:58,632 - Knowledge - INFO - process ingested knowledge for /app/data/T0015/325511/b5520qt/entservices-infra-325511/AppManager/AppManager.h
2026-02-23 09:55:58,751 - Knowledge - INFO - done ingest for /app/data/T0015/325511/b5520qt/entservices-infra-325511/helpers/StreamJSONOneShot.h
2026-02-23 09:55:58,765 - Knowledge - INFO - [LLM_CALL] Completed: FbSettings.cpp:chunk1, Duration: 60614ms, PromptTokens: 15388, CompletionTokens: 2107, Cost: $0.00238
2026-02-23 09:55:58,912 - Knowledge - INFO - [kw10] Queue=189, InProgress=0, PendingWorkers=20/20, Completed=222/475 (46.7%)
2026-02-23 09:55:58,935 - Knowledge - INFO - process ingested knowledge for /app/data/T0015/325511/b5520qt/entservices-infra-325511/MessageControl/MessageOutput.h
2026-02-23 09:55:59,138 - Knowledge - INFO - Fast-tracked /app/data/T0015/325511/b5520qt/entservices-infra-325511/helpers/UtilsCStr.h (ext=.h, size=746)
2026-02-23 09:55:59,415 - Knowledge - INFO - process ingested knowledge for /app/data/T0015/325511/b5520qt/entservices-infra-325511/PersistentStore/sqlite/Store2.h
2026-02-23 09:55:59,455 - Knowledge - INFO - process ingested knowledge for /app/data/T0015/325511/b5520qt/entservices-infra-325511/OCIContainer/CHANGELOG.md
2026-02-23 09:55:59,998 - Knowledge - INFO - process ingested knowledge for /app/data/T0015/325511/b5520qt/entservices-infra-325511/MessageControl/MessageOutput.cpp
2026-02-23 09:56:00,003 - Knowledge - INFO - process ingested knowledge for /app/data/T0015/325511/b5520qt/entservices-infra-325511/AppManager/CMakeLists.txt
2026-02-23 09:56:00,070 - Knowledge - INFO - done ingest for /app/data/T0015/325511/b5520qt/entservices-infra-325511/FbSettings/FbSettings.cpp
2026-02-23 09:56:00,162 - Knowledge - INFO - [LLM_CALL] Completed: SingleClientServer.h:chunk1, Duration: 19288ms, PromptTokens: 2132, CompletionTokens: 342, Cost: $0.00035
2026-02-23 09:56:00,295 - Knowledge - INFO - Batch sizing: calculated=5, max_allowed=10, queue=189, active_workers=20/20
2026-02-23 09:56:00,608 - Knowledge - INFO - Worker kw18 processing /app/data/T0015/325511/b5520qt/entservices-infra-325511/helpers/UtilsController.h
2026-02-23 09:56:00,726 - Knowledge - INFO - process ingested knowledge for /app/data/T0015/325511/b5520qt/entservices-infra-325511/PersistentStore/sqlite/l1test/Store2Test.cpp
2026-02-23 09:56:01,590 - Knowledge - INFO - process ingested knowledge for /app/data/T0015/325511/b5520qt/entservices-infra-325511/OCIContainer/OCIContainer.cpp
2026-02-23 09:56:01,718 - Knowledge - INFO - done ingest for /app/data/T0015/325511/b5520qt/entservices-infra-325511/helpers/WebSockets/Roles/SingleClientServer.h
2026-02-23 09:56:01,749 - Knowledge - INFO - [LLM_CALL] Completed: PreinstallManager.cpp:chunk1, Duration: 42833ms, PromptTokens: 3650, CompletionTokens: 830, Cost: $0.00070
2026-02-23 09:56:01,850 - Knowledge - INFO - process ingested knowledge for /app/data/T0015/325511/b5520qt/entservices-infra-325511/AppManager/LifecycleInterfaceConnector.cpp
2026-02-23 09:56:02,029 - Knowledge - INFO - Worker kw18 processing /app/data/T0015/325511/b5520qt/entservices-infra-325511/helpers/WebSocketLink.h
2026-02-23 09:56:02,552 - Knowledge - INFO - done ingest for /app/data/T0015/325511/b5520qt/entservices-infra-325511/PreinstallManager/PreinstallManager.cpp
2026-02-23 09:56:02,575 - Knowledge - INFO - [LLM_CALL] Completed: UtilsgetFileContent.h:chunk1, Duration: 36087ms, PromptTokens: 5184, CompletionTokens: 490, Cost: $0.00071
2026-02-23 09:56:02,908 - Knowledge - INFO - Worker kw18 processing /app/data/T0015/325511/b5520qt/entservices-infra-325511/helpers/UtilsUnused.h
2026-02-23 09:56:02,975 - Knowledge - INFO - process ingested knowledge for /app/data/T0015/325511/b5520qt/entservices-infra-325511/AppManager/AppManager.cpp
2026-02-23 09:56:03,193 - Knowledge - INFO - done ingest for /app/data/T0015/325511/b5520qt/entservices-infra-325511/helpers/UtilsgetFileContent.h
2026-02-23 09:56:03,210 - Knowledge - INFO - Processing batch of 6 files
2026-02-23 09:56:03,292 - Knowledge - INFO - Async storing batch of 6 embeddings
2026-02-23 09:56:03,451 - Knowledge - INFO - Fast-tracked /app/data/T0015/325511/b5520qt/entservices-infra-325511/helpers/UtilsUnused.h (ext=.h, size=750)
2026-02-23 09:56:03,909 - Knowledge - INFO - process ingested knowledge for /app/data/T0015/325511/b5520qt/entservices-infra-325511/RDKShell/CMakeLists.txt
2026-02-23 09:56:04,137 - Knowledge - INFO - Worker kw10 processing /app/data/T0015/325511/b5520qt/entservices-infra-325511/helpers/tptimer.h
2026-02-23 09:56:04,323 - Knowledge - INFO - Async storage completed for 6 embeddings
2026-02-23 09:56:04,475 - Knowledge - INFO - Fast-tracked /app/data/T0015/325511/b5520qt/entservices-infra-325511/helpers/UtilsLibraryLoader.h (small file (2537 bytes))
2026-02-23 09:56:04,493 - Knowledge - INFO - [LLM_CALL] Completed: PreinstallManagerImplementation.h:chunk1, Duration: 42995ms, PromptTokens: 3426, CompletionTokens: 793, Cost: $0.00066
2026-02-23 09:56:04,676 - Knowledge - INFO - Worker kw10 processing /app/data/T0015/325511/b5520qt/entservices-infra-325511/helpers/WsManager.h
2026-02-23 09:56:05,331 - Knowledge - INFO - done ingest for /app/data/T0015/325511/b5520qt/entservices-infra-325511/PreinstallManager/PreinstallManagerImplementation.h
2026-02-23 09:56:05,490 - Knowledge - INFO - [LLM_CALL] Completed: TlsEnabled.h:chunk1, Duration: 30416ms, PromptTokens: 4474, CompletionTokens: 573, Cost: $0.00068
2026-02-23 09:56:05,558 - Knowledge - INFO - Worker kw10 processing /app/data/T0015/325511/b5520qt/entservices-infra-325511/helpers/UtilsFile.h
2026-02-23 09:56:05,901 - Knowledge - INFO - done ingest for /app/data/T0015/325511/b5520qt/entservices-infra-325511/helpers/WebSockets/Encryption/TlsEnabled.h
2026-02-23 09:56:05,940 - Knowledge - INFO - [LLM_CALL] Completed: PingPongEnabled.h:chunk1, Duration: 31479ms, PromptTokens: 3044, CompletionTokens: 566, Cost: $0.00053
2026-02-23 09:56:06,003 - Knowledge - INFO - process ingested knowledge for /app/data/T0015/325511/b5520qt/entservices-infra-325511/RDKShell/README.md
2026-02-23 09:56:06,039 - Knowledge - INFO - Worker kw10 processing /app/data/T0015/325511/b5520qt/entservices-infra-325511/helpers/UtilsfileExists.h
2026-02-23 09:56:06,239 - Knowledge - INFO - done ingest for /app/data/T0015/325511/b5520qt/entservices-infra-325511/helpers/WebSockets/PingPong/PingPongEnabled.h
2026-02-23 09:56:06,239 - Knowledge - INFO - [LLM_CALL] Completed: frontpanel.cpp:chunk1, Duration: 19634ms, PromptTokens: 11006, CompletionTokens: 1166, Cost: $0.00157
2026-02-23 09:56:06,482 - Knowledge - INFO - process ingested knowledge for /app/data/T0015/325511/b5520qt/entservices-infra-325511/AppManager/AppManagerImplementation.cpp
2026-02-23 09:56:06,523 - Knowledge - INFO - [kw5] Queue=184, InProgress=0, PendingWorkers=20/20, Completed=222/475 (46.7%)
2026-02-23 09:56:06,716 - Knowledge - INFO - Fast-tracked /app/data/T0015/325511/b5520qt/entservices-infra-325511/helpers/UtilsfileExists.h (ext=.h, size=880)
2026-02-23 09:56:07,023 - Knowledge - INFO - done ingest for /app/data/T0015/325511/b5520qt/entservices-infra-325511/helpers/frontpanel.cpp
2026-02-23 09:56:07,489 - Knowledge - INFO - Batch sizing: calculated=5, max_allowed=10, queue=184, active_workers=20/20
2026-02-23 09:56:07,571 - Knowledge - INFO - Worker kw10 processing /app/data/T0015/325511/b5520qt/entservices-infra-325511/helpers/PowerManagerInterface.h
2026-02-23 09:56:08,031 - Knowledge - INFO - Fast-tracked /app/data/T0015/325511/b5520qt/entservices-infra-325511/helpers/PowerManagerInterface.h (ext=.h, size=1006)
2026-02-23 09:56:08,186 - Knowledge - INFO - process ingested knowledge for /app/data/T0015/325511/b5520qt/entservices-infra-325511/RDKShell/Module.cpp
2026-02-23 09:56:08,197 - Knowledge - INFO - [kw9] Queue=184, InProgress=0, PendingWorkers=20/20, Completed=222/475 (46.7%)
2026-02-23 09:56:08,581 - Knowledge - INFO - [LLM_CALL] Completed: PreinstallManager.h:chunk1, Duration: 41618ms, PromptTokens: 2378, CompletionTokens: 448, Cost: $0.00042
2026-02-23 09:56:08,702 - Knowledge - INFO - Batch sizing: calculated=5, max_allowed=10, queue=184, active_workers=20/20
2026-02-23 09:56:08,875 - Knowledge - INFO - done ingest for /app/data/T0015/325511/b5520qt/entservices-infra-325511/PreinstallManager/PreinstallManager.h
2026-02-23 09:56:08,910 - Knowledge - INFO - Async storing batch of 6 embeddings
2026-02-23 09:56:08,921 - Knowledge - INFO - [LLM_CALL] Completed: JsonRpcInterface.h:chunk1, Duration: 28110ms, PromptTokens: 4560, CompletionTokens: 830, Cost: $0.00079
2026-02-23 09:56:09,269 - Knowledge - INFO - Worker kw5 processing /app/data/T0015/325511/b5520qt/entservices-infra-325511/helpers/UtilsSearchRDKProfile.h
2026-02-23 09:56:09,303 - Knowledge - INFO - process ingested knowledge for /app/data/T0015/325511/b5520qt/entservices-infra-325511/AppManager/Module.cpp
2026-02-23 09:56:09,408 - Knowledge - INFO - done ingest for /app/data/T0015/325511/b5520qt/entservices-infra-325511/helpers/WebSockets/CommunicationInterface/JsonRpcInterface.h
2026-02-23 09:56:09,602 - Knowledge - INFO - Worker kw5 processing /app/data/T0015/325511/b5520qt/entservices-infra-325511/helpers/UtilsJsonrpcDirectLink.h
2026-02-23 09:56:09,674 - Knowledge - INFO - process ingested knowledge for /app/data/T0015/325511/b5520qt/entservices-infra-325511/RDKShell/CHANGELOG.md
2026-02-23 09:56:09,808 - Knowledge - INFO - Fast-tracked /app/data/T0015/325511/b5520qt/entservices-infra-325511/helpers/UtilsLogging.h (small file (2365 bytes))
2026-02-23 09:56:09,968 - Knowledge - INFO - Worker kw5 processing /app/data/T0015/325511/b5520qt/entservices-infra-325511/helpers/frontpanel.h
2026-02-23 09:56:10,173 - Knowledge - INFO - Async storage completed for 6 embeddings
2026-02-23 09:56:10,367 - Knowledge - INFO - Worker kw5 processing /app/data/T0015/325511/b5520qt/entservices-infra-325511/DownloadManager/DownloadManagerHttpClient.h
2026-02-23 09:56:10,727 - Knowledge - INFO - Worker kw5 processing /app/data/T0015/325511/b5520qt/entservices-infra-325511/DownloadManager/DownloadManager.cpp
2026-02-23 09:56:10,904 - Knowledge - INFO - Async storing batch of 6 embeddings
2026-02-23 09:56:10,936 - Knowledge - INFO - process ingested knowledge for /app/data/T0015/325511/b5520qt/entservices-infra-325511/RDKShell/RialtoConnector.cpp
2026-02-23 09:56:11,025 - Knowledge - INFO - Fast-tracked /app/data/T0015/325511/b5520qt/entservices-infra-325511/helpers/UtilsSearchRDKProfile.h (small file (2043 bytes))
2026-02-23 09:56:11,142 - Knowledge - INFO - Worker kw9 processing /app/data/T0015/325511/b5520qt/entservices-infra-325511/DownloadManager/Module.h
2026-02-23 09:56:11,565 - Knowledge - INFO - [LLM_CALL] Completed: UtilsJsonRpc.h:chunk1, Duration: 20360ms, PromptTokens: 3886, CompletionTokens: 348, Cost: $0.00053
2026-02-23 09:56:11,585 - Knowledge - INFO - Fast-tracked /app/data/T0015/325511/b5520qt/entservices-infra-325511/DownloadManager/Module.h (ext=.h, size=906)
2026-02-23 09:56:11,782 - Knowledge - INFO - done ingest for /app/data/T0015/325511/b5520qt/entservices-infra-325511/helpers/UtilsJsonRpc.h
2026-02-23 09:56:11,883 - Knowledge - INFO - Worker kw9 processing /app/data/T0015/325511/b5520qt/entservices-infra-325511/DownloadManager/DownloadManagerImplementation.cpp
2026-02-23 09:56:12,008 - Knowledge - INFO - process ingested knowledge for /app/data/T0015/325511/b5520qt/entservices-infra-325511/RDKShell/RDKShell.h
2026-02-23 09:56:12,011 - Knowledge - INFO - [WEBSOCKET] Sent: Type=progress_update, Size: 292, Duration: 0ms
2026-02-23 09:56:12,154 - Knowledge - INFO - Worker kw9 processing /app/data/T0015/325511/b5520qt/entservices-infra-325511/DownloadManager/CMakeLists.txt
2026-02-23 09:56:12,213 - Knowledge - INFO - [kw8] Queue=174, InProgress=0, PendingWorkers=20/20, Completed=236/475 (49.7%)
2026-02-23 09:56:12,475 - Knowledge - INFO - [WEBSOCKET] Sent: Type=unknown, Size: ?, Duration: 464ms
2026-02-23 09:56:12,593 - Knowledge - INFO - Fast-tracked /app/data/T0015/325511/b5520qt/entservices-infra-325511/DownloadManager/CMakeLists.txt (ext=.txt, size=2921)
2026-02-23 09:56:12,728 - Knowledge - INFO - Batch sizing: calculated=5, max_allowed=10, queue=174, active_workers=20/20
2026-02-23 09:56:12,938 - Knowledge - INFO - Progress: 48.8% | Files: 236/475 | Rate: 1.19 files/sec | Queue: 174
2026-02-23 09:56:13,028 - Knowledge - INFO - Worker kw9 processing /app/data/T0015/325511/b5520qt/entservices-infra-325511/DownloadManager/DownloadManager.h
2026-02-23 09:56:13,297 - Knowledge - INFO - [kw1] Queue=174, InProgress=0, PendingWorkers=20/20, Completed=240/475 (50.5%)
2026-02-23 09:56:13,540 - Knowledge - INFO - Worker kw9 processing /app/data/T0015/325511/b5520qt/entservices-infra-325511/DownloadManager/DownloadManagerHttpClient.cpp
2026-02-23 09:56:13,745 - Knowledge - INFO - Batch sizing: calculated=5, max_allowed=10, queue=174, active_workers=20/20
2026-02-23 09:56:13,751 - Knowledge - INFO - Async storing batch of 6 embeddings
2026-02-23 09:56:14,390 - Knowledge - INFO - [LLM_CALL] Completed: FbSettings.h:chunk1, Duration: 65357ms, PromptTokens: 3916, CompletionTokens: 1354, Cost: $0.00093
2026-02-23 09:56:14,610 - Knowledge - INFO - Worker kw8 processing /app/data/T0015/325511/b5520qt/entservices-infra-325511/DownloadManager/Module.cpp
2026-02-23 09:56:14,632 - Knowledge - INFO - [kw14] Queue=169, InProgress=0, PendingWorkers=20/20, Completed=240/475 (50.5%)
2026-02-23 09:56:14,668 - Knowledge - INFO - [kw4] Queue=169, InProgress=0, PendingWorkers=20/20, Completed=242/475 (50.9%)
2026-02-23 09:56:14,697 - Knowledge - INFO - done ingest for /app/data/T0015/325511/b5520qt/entservices-infra-325511/FbSettings/FbSettings.h
2026-02-23 09:56:14,932 - Knowledge - INFO - Fast-tracked /app/data/T0015/325511/b5520qt/entservices-infra-325511/DownloadManager/Module.cpp (ext=.cpp, size=765)
2026-02-23 09:56:14,938 - Knowledge - INFO - Async storing batch of 6 embeddings
2026-02-23 09:56:15,010 - Knowledge - INFO - Processing batch of 6 files
2026-02-23 09:56:15,068 - Knowledge - INFO - Batch sizing: calculated=5, max_allowed=10, queue=169, active_workers=20/20
2026-02-23 09:56:15,096 - Knowledge - INFO - [LLM_CALL] Completed: WSEndpoint.cpp:chunk1, Duration: 42626ms, PromptTokens: 5202, CompletionTokens: 896, Cost: $0.00088
2026-02-23 09:56:15,214 - Knowledge - INFO - Batch sizing: calculated=5, max_allowed=10, queue=169, active_workers=20/20
2026-02-23 09:56:15,513 - Knowledge - INFO - Worker kw8 processing /app/data/T0015/325511/b5520qt/entservices-infra-325511/DownloadManager/DownloadManagerImplementation.h
2026-02-23 09:56:15,656 - Knowledge - INFO - Worker kw1 processing /app/data/T0015/325511/b5520qt/entservices-infra-325511/Tests/L1Tests/tests/test_StorageManager.cpp
2026-02-23 09:56:15,809 - Knowledge - INFO - process ingested knowledge for /app/data/T0015/325511/b5520qt/entservices-infra-325511/helpers/WebSockets/JsonRpc/Notification.cpp
2026-02-23 09:56:16,126 - Knowledge - INFO - done ingest for /app/data/T0015/325511/b5520qt/entservices-infra-325511/helpers/WebSockets/WSEndpoint.cpp
2026-02-23 09:56:16,166 - Knowledge - INFO - [LLM_CALL] Completed: cSettings.h:chunk1, Duration: 27429ms, PromptTokens: 3594, CompletionTokens: 459, Cost: $0.00054
2026-02-23 09:56:16,457 - Knowledge - INFO - Worker kw8 processing /app/data/T0015/325511/b5520qt/entservices-infra-325511/services.cmake
2026-02-23 09:56:16,583 - Knowledge - INFO - Fast-tracked /app/data/T0015/325511/b5520qt/entservices-infra-325511/Tests/L1Tests/tests/test_StorageManager.cpp (ext=.cpp, size=43244)
2026-02-23 09:56:16,985 - Knowledge - INFO - done ingest for /app/data/T0015/325511/b5520qt/entservices-infra-325511/helpers/cSettings.h
2026-02-23 09:56:16,991 - Knowledge - INFO - Processing batch of 6 files
2026-02-23 09:56:16,993 - Knowledge - INFO - Processing batch of 6 files
2026-02-23 09:56:17,004 - Knowledge - INFO - Async storing batch of 6 embeddings
2026-02-23 09:56:17,010 - Knowledge - INFO - Async storing batch of 6 embeddings
2026-02-23 09:56:17,015 - Knowledge - INFO - [LLM_CALL] Completed: SystemDelegate.h:chunk1, Duration: 73692ms, PromptTokens: 22660, CompletionTokens: 1204, Cost: $0.00275
2026-02-23 09:56:17,034 - Knowledge - INFO - process ingested knowledge for /app/data/T0015/325511/b5520qt/entservices-infra-325511/helpers/WebSockets/JsonRpc/Request.cpp
2026-02-23 09:56:17,105 - Knowledge - INFO - Worker kw8 processing /app/data/T0015/325511/b5520qt/entservices-infra-325511/Tests/L1Tests/CMakeLists.txt
2026-02-23 09:56:17,194 - Knowledge - INFO - Worker kw1 processing /app/data/T0015/325511/b5520qt/entservices-infra-325511/Tests/L1Tests/tests/test_AppManager.cpp
2026-02-23 09:56:17,570 - Knowledge - INFO - process ingested knowledge for /app/data/T0015/325511/b5520qt/entservices-infra-325511/helpers/WebSockets/PingPong/PingPongDisabled.h
2026-02-23 09:56:17,700 - Knowledge - INFO - process ingested knowledge for /app/data/T0015/325511/b5520qt/entservices-infra-325511/PreinstallManager/Module.h
2026-02-23 09:56:17,850 - Knowledge - INFO - Worker kw14 processing /app/data/T0015/325511/b5520qt/entservices-infra-325511/Tests/L1Tests/tests/test_OCIContainer.cpp
2026-02-23 09:56:17,901 - Knowledge - INFO - Async storage completed for 6 embeddings
2026-02-23 09:56:18,003 - Knowledge - INFO - Worker kw4 processing /app/data/T0015/325511/b5520qt/entservices-infra-325511/Tests/L1Tests/tests/test_USBMassStorage.cpp
2026-02-23 09:56:18,101 - Knowledge - INFO - done ingest for /app/data/T0015/325511/b5520qt/entservices-infra-325511/FbSettings/delegate/SystemDelegate.h
2026-02-23 09:56:18,258 - Knowledge - INFO - [kw11] Queue=154, InProgress=0, PendingWorkers=20/20, Completed=246/475 (51.8%)
2026-02-23 09:56:18,269 - Knowledge - INFO - process ingested knowledge for /app/data/T0015/325511/b5520qt/entservices-infra-325511/helpers/WebSockets/JsonRpc/Response.h
2026-02-23 09:56:18,291 - Knowledge - INFO - [WEBSOCKET] Sent: Type=progress_update, Size: 292, Duration: 22ms
2026-02-23 09:56:18,396 - Knowledge - INFO - Fast-tracked /app/data/T0015/325511/b5520qt/entservices-infra-325511/Tests/L1Tests/CMakeLists.txt (ext=.txt, size=9986)
2026-02-23 09:56:18,541 - Knowledge - INFO - Fast-tracked /app/data/T0015/325511/b5520qt/entservices-infra-325511/Tests/L1Tests/tests/test_AppManager.cpp (ext=.cpp, size=141919)
2026-02-23 09:56:18,634 - Knowledge - INFO - process ingested knowledge for /app/data/T0015/325511/b5520qt/entservices-infra-325511/helpers/WebSockets/PingPong/PingPongEnabled.h
2026-02-23 09:56:18,883 - Knowledge - INFO - process ingested knowledge for /app/data/T0015/325511/b5520qt/entservices-infra-325511/PreinstallManager/PreinstallManager.cpp
2026-02-23 09:56:19,032 - Knowledge - INFO - Fast-tracked /app/data/T0015/325511/b5520qt/entservices-infra-325511/Tests/L1Tests/tests/test_OCIContainer.cpp (ext=.cpp, size=11902)
2026-02-23 09:56:19,335 - Knowledge - INFO - Fast-tracked /app/data/T0015/325511/b5520qt/entservices-infra-325511/Tests/L1Tests/tests/test_USBMassStorage.cpp (ext=.cpp, size=41386)
2026-02-23 09:56:19,595 - Knowledge - INFO - Fast-tracked /app/data/T0015/325511/b5520qt/entservices-infra-325511/helpers/UtilsFile.h (small file (2625 bytes))
2026-02-23 09:56:19,644 - Knowledge - INFO - Batch sizing: calculated=5, max_allowed=10, queue=154, active_workers=20/20
2026-02-23 09:56:19,817 - Knowledge - INFO - process ingested knowledge for /app/data/T0015/325511/b5520qt/entservices-infra-325511/helpers/WebSockets/JsonRpc/Notification.h
2026-02-23 09:56:20,054 - Knowledge - INFO - [LLM_CALL] Completed: ObjectUtils.h:chunk1, Duration: 19933ms, PromptTokens: 2256, CompletionTokens: 505, Cost: $0.00043
2026-02-23 09:56:20,157 - Knowledge - INFO - Worker kw8 processing /app/data/T0015/325511/b5520qt/entservices-infra-325511/Tests/L1Tests/tests/test_UserSettings.cpp
2026-02-23 09:56:20,294 - Knowledge - INFO - Worker kw1 processing /app/data/T0015/325511/b5520qt/entservices-infra-325511/Tests/L1Tests/tests/test_USBDevice.cpp
2026-02-23 09:56:20,398 - Knowledge - INFO - Async storage completed for 6 embeddings
2026-02-23 09:56:20,403 - Knowledge - INFO - process ingested knowledge for /app/data/T0015/325511/b5520qt/entservices-infra-325511/helpers/WebSockets/WSEndpoint.h
2026-02-23 09:56:20,573 - Knowledge - INFO - process ingested knowledge for /app/data/T0015/325511/b5520qt/entservices-infra-325511/PreinstallManager/CMakeLists.txt
2026-02-23 09:56:20,930 - Knowledge - INFO - Worker kw14 processing /app/data/T0015/325511/b5520qt/entservices-infra-325511/Tests/L1Tests/tests/test_UtilsFile.cpp
2026-02-23 09:56:21,076 - Knowledge - INFO - Worker kw4 processing /app/data/T0015/325511/b5520qt/entservices-infra-325511/Tests/L1Tests/tests/test_DownloadManager.cpp
2026-02-23 09:56:21,191 - Knowledge - INFO - Async storage completed for 6 embeddings
2026-02-23 09:56:21,487 - Knowledge - INFO - process ingested knowledge for /app/data/T0015/325511/b5520qt/entservices-infra-325511/helpers/WebSockets/JsonRpc/Request.h
2026-02-23 09:56:21,657 - Knowledge - INFO - done ingest for /app/data/T0015/325511/b5520qt/entservices-infra-325511/helpers/ObjectUtils.h
2026-02-23 09:56:21,719 - Knowledge - INFO - [WEBSOCKET] Sent: Type=unknown, Size: ?, Duration: 3484ms
2026-02-23 09:56:21,720 - Knowledge - INFO - Fast-tracked /app/data/T0015/325511/b5520qt/entservices-infra-325511/DownloadManager/DownloadManagerHttpClient.h (small file (2593 bytes))
2026-02-23 09:56:21,819 - Knowledge - INFO - Fast-tracked /app/data/T0015/325511/b5520qt/entservices-infra-325511/Tests/L1Tests/tests/test_UserSettings.cpp (ext=.cpp, size=34809)
2026-02-23 09:56:21,935 - Knowledge - INFO - Fast-tracked /app/data/T0015/325511/b5520qt/entservices-infra-325511/Tests/L1Tests/tests/test_USBDevice.cpp (ext=.cpp, size=87965)
2026-02-23 09:56:22,113 - Knowledge - INFO - process ingested knowledge for /app/data/T0015/325511/b5520qt/entservices-infra-325511/helpers/WebSockets/Roles/SingleClientServer.h
2026-02-23 09:56:22,220 - Knowledge - INFO - process ingested knowledge for /app/data/T0015/325511/b5520qt/entservices-infra-325511/PreinstallManager/PreinstallManagerImplementation.h
2026-02-23 09:56:22,315 - Knowledge - INFO - Fast-tracked /app/data/T0015/325511/b5520qt/entservices-infra-325511/Tests/L1Tests/tests/test_UtilsFile.cpp (ext=.cpp, size=1934)
2026-02-23 09:56:22,429 - Knowledge - INFO - Fast-tracked /app/data/T0015/325511/b5520qt/entservices-infra-325511/Tests/L1Tests/tests/test_DownloadManager.cpp (ext=.cpp, size=21308)
2026-02-23 09:56:22,638 - Knowledge - INFO - process ingested knowledge for /app/data/T0015/325511/b5520qt/entservices-infra-325511/helpers/frontpanel.cpp
2026-02-23 09:56:22,891 - Knowledge - INFO - Progress: 51.8% | Files: 249/475 | Rate: 1.21 files/sec | Queue: 149
2026-02-23 09:56:22,927 - Knowledge - INFO - Processing batch of 6 files
2026-02-23 09:56:22,929 - Knowledge - INFO - [LLM_CALL] Completed: UserSettingsDelegate.h:chunk1, Duration: 77493ms, PromptTokens: 16270, CompletionTokens: 1517, Cost: $0.00223
2026-02-23 09:56:23,308 - Knowledge - INFO - Worker kw1 processing /app/data/T0015/325511/b5520qt/entservices-infra-325511/Tests/L1Tests/tests/test_Migration.cpp
2026-02-23 09:56:23,397 - Knowledge - INFO - process ingested knowledge for /app/data/T0015/325511/b5520qt/entservices-infra-325511/helpers/WebSockets/Roles/Client.h
2026-02-23 09:56:23,559 - Knowledge - INFO - process ingested knowledge for /app/data/T0015/325511/b5520qt/entservices-infra-325511/PreinstallManager/Module.cpp
2026-02-23 09:56:23,714 - Knowledge - INFO - Worker kw14 processing /app/data/T0015/325511/b5520qt/entservices-infra-325511/Tests/L1Tests/tests/test_PreinstallManager.cpp
2026-02-23 09:56:23,807 - Knowledge - INFO - Worker kw4 processing /app/data/T0015/325511/b5520qt/entservices-infra-325511/Tests/L1Tests/tests/test_LifecycleManager.cpp
2026-02-23 09:56:24,166 - Knowledge - INFO - process ingested knowledge for /app/data/T0015/325511/b5520qt/entservices-infra-325511/helpers/WebSockets/Encryption/TlsEnabled.h
2026-02-23 09:56:24,252 - Knowledge - INFO - done ingest for /app/data/T0015/325511/b5520qt/entservices-infra-325511/FbSettings/delegate/UserSettingsDelegate.h
2026-02-23 09:56:24,258 - Knowledge - INFO - [kw17] Queue=149, InProgress=0, PendingWorkers=20/20, Completed=249/475 (52.4%)
2026-02-23 09:56:24,281 - Knowledge - INFO - [LLM_CALL] Completed: UtilsSynchroIarm.hpp:chunk1, Duration: 31378ms, PromptTokens: 2510, CompletionTokens: 360, Cost: $0.00039
2026-02-23 09:56:24,486 - Knowledge - INFO - Fast-tracked /app/data/T0015/325511/b5520qt/entservices-infra-325511/Tests/L1Tests/tests/test_Migration.cpp (ext=.cpp, size=21212)
2026-02-23 09:56:24,706 - Knowledge - INFO - process ingested knowledge for /app/data/T0015/325511/b5520qt/entservices-infra-325511/helpers/WebSockets/ConnectionInitializationResult.h
2026-02-23 09:56:24,706 - Knowledge - INFO - process ingested knowledge for /app/data/T0015/325511/b5520qt/entservices-infra-325511/PreinstallManager/PreinstallManager.h
2026-02-23 09:56:24,828 - Knowledge - INFO - Fast-tracked /app/data/T0015/325511/b5520qt/entservices-infra-325511/Tests/L1Tests/tests/test_PreinstallManager.cpp (ext=.cpp, size=16727)
2026-02-23 09:56:24,896 - Knowledge - INFO - Fast-tracked /app/data/T0015/325511/b5520qt/entservices-infra-325511/Tests/L1Tests/tests/test_LifecycleManager.cpp (ext=.cpp, size=64537)
2026-02-23 09:56:25,233 - Knowledge - INFO - Batch sizing: calculated=5, max_allowed=10, queue=149, active_workers=20/20
2026-02-23 09:56:25,343 - Knowledge - INFO - process ingested knowledge for /app/data/T0015/325511/b5520qt/entservices-infra-325511/helpers/WebSockets/Encryption/NoEncryption.h
2026-02-23 09:56:25,405 - Knowledge - INFO - done ingest for /app/data/T0015/325511/b5520qt/entservices-infra-325511/helpers/UtilsSynchroIarm.hpp
2026-02-23 09:56:25,459 - Knowledge - INFO - Async storing batch of 6 embeddings
2026-02-23 09:56:25,574 - Knowledge - INFO - [LLM_CALL] Completed: BaseEventDelegate.h:chunk1, Duration: 20201ms, PromptTokens: 4186, CompletionTokens: 611, Cost: $0.00066
2026-02-23 09:56:25,609 - Knowledge - INFO - Worker kw1 processing /app/data/T0015/325511/b5520qt/entservices-infra-325511/Tests/L1Tests/tests/test_MessageControl.cpp
2026-02-23 09:56:26,049 - Knowledge - INFO - Worker kw14 processing /app/data/T0015/325511/b5520qt/entservices-infra-325511/Tests/L1Tests/tests/test_RDKShell.cpp
2026-02-23 09:56:26,185 - Knowledge - INFO - Worker kw4 processing /app/data/T0015/325511/b5520qt/entservices-infra-325511/Tests/L1Tests/tests/test_Telemetry.cpp
2026-02-23 09:56:27,056 - Knowledge - INFO - Worker kw11 processing /app/data/T0015/325511/b5520qt/entservices-infra-325511/Tests/L1Tests/tests/test_RunTimeManager.cpp
2026-02-23 09:56:27,181 - Knowledge - INFO - done ingest for /app/data/T0015/325511/b5520qt/entservices-infra-325511/helpers/BaseEventDelegate.h
2026-02-23 09:56:27,252 - Knowledge - INFO - Async storing batch of 6 embeddings
2026-02-23 09:56:27,452 - Knowledge - INFO - Fast-tracked /app/data/T0015/325511/b5520qt/entservices-infra-325511/Tests/L1Tests/tests/test_MessageControl.cpp (ext=.cpp, size=24234)
2026-02-23 09:56:27,521 - Knowledge - INFO - Fast-tracked /app/data/T0015/325511/b5520qt/entservices-infra-325511/Tests/L1Tests/tests/test_RDKShell.cpp (ext=.cpp, size=41553)
2026-02-23 09:56:27,807 - Knowledge - INFO - process ingested knowledge for /app/data/T0015/325511/b5520qt/entservices-infra-325511/helpers/WebSockets/CommunicationInterface/BinaryInterface.h
2026-02-23 09:56:27,819 - Knowledge - INFO - Fast-tracked /app/data/T0015/325511/b5520qt/entservices-infra-325511/Tests/L1Tests/tests/test_Telemetry.cpp (ext=.cpp, size=21821)
2026-02-23 09:56:27,891 - Knowledge - INFO - Fast-tracked /app/data/T0015/325511/b5520qt/entservices-infra-325511/Tests/L1Tests/tests/test_RunTimeManager.cpp (ext=.cpp, size=71735)
2026-02-23 09:56:28,116 - Knowledge - INFO - Worker kw17 processing /app/data/T0015/325511/b5520qt/entservices-infra-325511/Tests/L2Tests/tests/UsbDevice_L2Test.cpp
2026-02-23 09:56:28,276 - Knowledge - INFO - Async storage completed for 6 embeddings
2026-02-23 09:56:28,396 - Knowledge - INFO - Worker kw14 processing /app/data/T0015/325511/b5520qt/entservices-infra-325511/Tests/L1Tests/tests/test_ResourceManager.cpp
2026-02-23 09:56:28,708 - Knowledge - INFO - Worker kw4 processing /app/data/T0015/325511/b5520qt/entservices-infra-325511/Tests/L1Tests/tests/test_PackageManager.cpp
2026-02-23 09:56:28,861 - Knowledge - INFO - Worker kw11 processing /app/data/T0015/325511/b5520qt/entservices-infra-325511/Tests/clang.cmake
2026-02-23 09:56:29,076 - Knowledge - INFO - Fast-tracked /app/data/T0015/325511/b5520qt/entservices-infra-325511/Tests/L2Tests/tests/UsbDevice_L2Test.cpp (ext=.cpp, size=117153)
2026-02-23 09:56:29,230 - Knowledge - INFO - Async storage completed for 6 embeddings
2026-02-23 09:56:29,298 - Knowledge - INFO - Fast-tracked /app/data/T0015/325511/b5520qt/entservices-infra-325511/Tests/L1Tests/tests/test_ResourceManager.cpp (ext=.cpp, size=6953)
2026-02-23 09:56:29,449 - Knowledge - INFO - process ingested knowledge for /app/data/T0015/325511/b5520qt/entservices-infra-325511/helpers/WebSockets/CommunicationInterface/JsonRpcInterface.h
2026-02-23 09:56:29,455 - Knowledge - INFO - Async storage completed for 6 embeddings
2026-02-23 09:56:29,456 - Knowledge - INFO - Fast-tracked /app/data/T0015/325511/b5520qt/entservices-infra-325511/Tests/L1Tests/tests/test_PackageManager.cpp (ext=.cpp, size=73281)
2026-02-23 09:56:29,519 - Knowledge - INFO - Fast-tracked /app/data/T0015/325511/b5520qt/entservices-infra-325511/Tests/clang.cmake (ext=.cmake, size=1339)
2026-02-23 09:56:29,568 - Knowledge - INFO - Processing batch of 6 files
2026-02-23 09:56:29,600 - Knowledge - INFO - [LLM_CALL] Completed: UtilsController.h:chunk1, Duration: 24154ms, PromptTokens: 4040, CompletionTokens: 682, Cost: $0.00068
2026-02-23 09:56:29,628 - Knowledge - INFO - Worker kw17 processing /app/data/T0015/325511/b5520qt/entservices-infra-325511/Tests/L2Tests/tests/OCIContainer_L2Test.cpp
2026-02-23 09:56:29,914 - Knowledge - INFO - Async storage completed for 6 embeddings
2026-02-23 09:56:30,418 - Knowledge - INFO - Async storage completed for 6 embeddings
2026-02-23 09:56:30,641 - Knowledge - INFO - Worker kw11 processing /app/data/T0015/325511/b5520qt/entservices-infra-325511/Tests/gcc-with-coverage.cmake
2026-02-23 09:56:30,684 - Knowledge - INFO - process ingested knowledge for /app/data/T0015/325511/b5520qt/entservices-infra-325511/helpers/WebSockets/CommunicationInterface/CommandInterface.h
2026-02-23 09:56:30,744 - Knowledge - INFO - process ingested knowledge for /app/data/T0015/325511/b5520qt/entservices-infra-325511/FbSettings/Module.h
2026-02-23 09:56:30,928 - Knowledge - INFO - done ingest for /app/data/T0015/325511/b5520qt/entservices-infra-325511/helpers/UtilsController.h
2026-02-23 09:56:31,093 - Knowledge - INFO - [WEBSOCKET] Sent: Type=progress_update, Size: 291, Duration: 78ms
2026-02-23 09:56:31,175 - Knowledge - INFO - Fast-tracked /app/data/T0015/325511/b5520qt/entservices-infra-325511/Tests/L2Tests/tests/OCIContainer_L2Test.cpp (ext=.cpp, size=115473)
2026-02-23 09:56:31,744 - Knowledge - INFO - Fast-tracked /app/data/T0015/325511/b5520qt/entservices-infra-325511/Tests/gcc-with-coverage.cmake (ext=.cmake, size=756)
2026-02-23 09:56:32,380 - Knowledge - INFO - Processing batch of 6 files
2026-02-23 09:56:32,430 - Knowledge - INFO - process ingested knowledge for /app/data/T0015/325511/b5520qt/entservices-infra-325511/helpers/WebSockets/JsonRpc/Response.cpp
2026-02-23 09:56:32,457 - Knowledge - INFO - process ingested knowledge for /app/data/T0015/325511/b5520qt/entservices-infra-325511/FbSettings/FbSettings.cpp
2026-02-23 09:56:32,481 - Knowledge - INFO - Worker kw17 processing /app/data/T0015/325511/b5520qt/entservices-infra-325511/Tests/L2Tests/tests/UsbAccess_L2Test.cpp
2026-02-23 09:56:32,535 - Knowledge - INFO - [LLM_CALL] Completed: UtilsString.h:chunk1, Duration: 32450ms, PromptTokens: 4406, CompletionTokens: 753, Cost: $0.00074
2026-02-23 09:56:32,542 - Knowledge - INFO - Async storage completed for 6 embeddings
2026-02-23 09:56:32,647 - Knowledge - INFO - Worker kw11 processing /app/data/T0015/325511/b5520qt/entservices-infra-325511/Tests/L2Tests/CMakeLists.txt
2026-02-23 09:56:32,824 - Knowledge - INFO - process ingested knowledge for /app/data/T0015/325511/b5520qt/entservices-infra-325511/helpers/ContextUtils.h
2026-02-23 09:56:33,351 - Knowledge - INFO - Fast-tracked /app/data/T0015/325511/b5520qt/entservices-infra-325511/Tests/L2Tests/tests/UsbAccess_L2Test.cpp (ext=.cpp, size=25780)
2026-02-23 09:56:33,444 - Knowledge - INFO - done ingest for /app/data/T0015/325511/b5520qt/entservices-infra-325511/helpers/UtilsString.h
2026-02-23 09:56:33,475 - Knowledge - INFO - [WEBSOCKET] Sent: Type=unknown, Size: ?, Duration: 2460ms
2026-02-23 09:56:33,541 - Knowledge - INFO - process ingested knowledge for /app/data/T0015/325511/b5520qt/entservices-infra-325511/FbSettings/CMakeLists.txt
2026-02-23 09:56:33,862 - Knowledge - INFO - Fast-tracked /app/data/T0015/325511/b5520qt/entservices-infra-325511/Tests/L2Tests/CMakeLists.txt (ext=.txt, size=3659)
2026-02-23 09:56:34,125 - Knowledge - INFO - Worker kw17 processing /app/data/T0015/325511/b5520qt/entservices-infra-325511/Tests/L2Tests/tests/AppManager_L2Test.cpp
2026-02-23 09:56:34,233 - Knowledge - INFO - process ingested knowledge for /app/data/T0015/325511/b5520qt/entservices-infra-325511/helpers/StreamJSONOneShot.h
2026-02-23 09:56:34,509 - Knowledge - INFO - Progress: 54.9% | Files: 267/475 | Rate: 1.23 files/sec | Queue: 144
2026-02-23 09:56:34,607 - Knowledge - INFO - [LLM_CALL] Completed: tptimer.h:chunk1, Duration: 26269ms, PromptTokens: 2254, CompletionTokens: 496, Cost: $0.00042
2026-02-23 09:56:34,785 - Knowledge - INFO - Worker kw11 processing /app/data/T0015/325511/b5520qt/entservices-infra-325511/Tests/L2Tests/tests/Migration_L2Test.cpp
2026-02-23 09:56:34,933 - Knowledge - INFO - Fast-tracked /app/data/T0015/325511/b5520qt/entservices-infra-325511/Tests/L2Tests/tests/AppManager_L2Test.cpp (ext=.cpp, size=75465)
2026-02-23 09:56:34,991 - Knowledge - INFO - process ingested knowledge for /app/data/T0015/325511/b5520qt/entservices-infra-325511/FbSettings/tests/CurlCmds.md
2026-02-23 09:56:35,057 - Knowledge - INFO - [kw7] Queue=144, InProgress=0, PendingWorkers=20/20, Completed=268/475 (56.4%)
2026-02-23 09:56:35,082 - Knowledge - INFO - [kw2] Queue=144, InProgress=0, PendingWorkers=20/20, Completed=268/475 (56.4%)
2026-02-23 09:56:35,090 - Knowledge - INFO - process ingested knowledge for /app/data/T0015/325511/b5520qt/entservices-infra-325511/helpers/UtilsTelemetry.h
2026-02-23 09:56:35,188 - Knowledge - INFO - [kw15] Queue=144, InProgress=0, PendingWorkers=20/20, Completed=268/475 (56.4%)
2026-02-23 09:56:35,379 - Knowledge - INFO - done ingest for /app/data/T0015/325511/b5520qt/entservices-infra-325511/helpers/tptimer.h
2026-02-23 09:56:35,580 - Knowledge - INFO - Fast-tracked /app/data/T0015/325511/b5520qt/entservices-infra-325511/Tests/L2Tests/tests/Migration_L2Test.cpp (ext=.cpp, size=55815)
2026-02-23 09:56:35,656 - Knowledge - INFO - Worker kw17 processing /app/data/T0015/325511/b5520qt/entservices-infra-325511/Tests/L2Tests/tests/SharedStorage_L2Test.cpp
2026-02-23 09:56:35,891 - Knowledge - INFO - process ingested knowledge for /app/data/T0015/325511/b5520qt/entservices-infra-325511/FbSettings/delegate/SettingsDelegate.h
2026-02-23 09:56:36,016 - Knowledge - INFO - Batch sizing: calculated=5, max_allowed=10, queue=144, active_workers=20/20
2026-02-23 09:56:36,189 - Knowledge - INFO - Batch sizing: calculated=5, max_allowed=10, queue=144, active_workers=20/20
2026-02-23 09:56:36,492 - Knowledge - INFO - Batch sizing: calculated=5, max_allowed=10, queue=144, active_workers=20/20
2026-02-23 09:56:36,704 - Knowledge - INFO - Processing batch of 6 files
2026-02-23 09:56:36,796 - Knowledge - INFO - process ingested knowledge for /app/data/T0015/325511/b5520qt/entservices-infra-325511/helpers/UtilsgetFileContent.h
2026-02-23 09:56:36,965 - Knowledge - INFO - Async storage completed for 6 embeddings
2026-02-23 09:56:37,058 - Knowledge - INFO - Fast-tracked /app/data/T0015/325511/b5520qt/entservices-infra-325511/Tests/L2Tests/tests/SharedStorage_L2Test.cpp (ext=.cpp, size=50607)
2026-02-23 09:56:37,499 - Knowledge - INFO - process ingested knowledge for /app/data/T0015/325511/b5520qt/entservices-infra-325511/FbSettings/delegate/SystemDelegate.h
2026-02-23 09:56:37,545 - Knowledge - INFO - Async storing batch of 6 embeddings
2026-02-23 09:56:37,545 - Knowledge - INFO - [WEBSOCKET] Sent: Type=progress_update, Size: 291, Duration: 0ms
2026-02-23 09:56:38,354 - Knowledge - INFO - process ingested knowledge for /app/data/T0015/325511/b5520qt/entservices-infra-325511/helpers/UtilsisValidInt.h
2026-02-23 09:56:38,527 - Knowledge - INFO - process ingested knowledge for /app/data/T0015/325511/b5520qt/entservices-infra-325511/helpers/UtilsConnections.h
2026-02-23 09:56:38,822 - Knowledge - INFO - Async storage completed for 6 embeddings
2026-02-23 09:56:39,078 - Knowledge - INFO - Worker kw7 processing /app/data/T0015/325511/b5520qt/entservices-infra-325511/Tests/L2Tests/tests/Analytics_L2Test.cpp
2026-02-23 09:56:39,183 - Knowledge - INFO - Async storing batch of 6 embeddings
2026-02-23 09:56:39,204 - Knowledge - INFO - Processing batch of 5 files
2026-02-23 09:56:39,236 - Knowledge - INFO - Async storing batch of 6 embeddings
2026-02-23 09:56:39,270 - Knowledge - INFO - [LLM_CALL] Completed: PluginInterfaceBuilder.h:chunk1, Duration: 33920ms, PromptTokens: 3240, CompletionTokens: 403, Cost: $0.00049
2026-02-23 09:56:39,325 - Knowledge - INFO - process ingested knowledge for /app/data/T0015/325511/b5520qt/entservices-infra-325511/helpers/ObjectUtils.h
2026-02-23 09:56:39,834 - Knowledge - INFO - Fast-tracked /app/data/T0015/325511/b5520qt/entservices-infra-325511/Tests/L2Tests/tests/Analytics_L2Test.cpp (ext=.cpp, size=17033)
2026-02-23 09:56:39,841 - Knowledge - INFO - process ingested knowledge for /app/data/T0015/325511/b5520qt/entservices-infra-325511/helpers/WebSockets/WSEndpoint.cpp
2026-02-23 09:56:39,920 - Knowledge - INFO - Worker kw2 processing /app/data/T0015/325511/b5520qt/entservices-infra-325511/Tests/L2Tests/tests/Telemetry_L2Test.cpp
2026-02-23 09:56:40,033 - Knowledge - INFO - process ingested knowledge for /app/data/T0015/325511/b5520qt/entservices-infra-325511/Tests/L1Tests/tests/test_StorageManager.cpp
2026-02-23 09:56:40,299 - Knowledge - INFO - Worker kw15 processing /app/data/T0015/325511/b5520qt/entservices-infra-325511/ResourceManager/Module.h
2026-02-23 09:56:40,443 - Knowledge - INFO - done ingest for /app/data/T0015/325511/b5520qt/entservices-infra-325511/helpers/PluginInterfaceBuilder.h
2026-02-23 09:56:40,549 - Knowledge - INFO - [WEBSOCKET] Sent: Type=unknown, Size: ?, Duration: 3004ms
2026-02-23 09:56:40,937 - Knowledge - INFO - Worker kw7 processing /app/data/T0015/325511/b5520qt/entservices-infra-325511/Tests/L2Tests/tests/StorageManager_L2Test.cpp
2026-02-23 09:56:41,334 - Knowledge - INFO - process ingested knowledge for /app/data/T0015/325511/b5520qt/entservices-infra-325511/helpers/UtilssyncPersistFile.h
2026-02-23 09:56:41,420 - Knowledge - INFO - Fast-tracked /app/data/T0015/325511/b5520qt/entservices-infra-325511/Tests/L2Tests/tests/Telemetry_L2Test.cpp (ext=.cpp, size=50614)
2026-02-23 09:56:41,689 - Knowledge - INFO - Fast-tracked /app/data/T0015/325511/b5520qt/entservices-infra-325511/ResourceManager/Module.h (ext=.h, size=930)
2026-02-23 09:56:42,045 - Knowledge - INFO - Progress: 59.4% | Files: 285/475 | Rate: 1.27 files/sec | Queue: 129
2026-02-23 09:56:42,213 - Knowledge - INFO - Processing batch of 5 files
2026-02-23 09:56:42,295 - Knowledge - INFO - [LLM_CALL] Completed: services.cmake:chunk1, Duration: 11302ms, PromptTokens: 3196, CompletionTokens: 301, Cost: $0.00044
2026-02-23 09:56:42,430 - Knowledge - INFO - Fast-tracked /app/data/T0015/325511/b5520qt/entservices-infra-325511/Tests/L2Tests/tests/StorageManager_L2Test.cpp (ext=.cpp, size=41137)
2026-02-23 09:56:42,789 - Knowledge - INFO - Worker kw2 processing /app/data/T0015/325511/b5520qt/entservices-infra-325511/Tests/CopilotFiles/copilot-instructions-mock.md
2026-02-23 09:56:42,886 - Knowledge - INFO - process ingested knowledge for /app/data/T0015/325511/b5520qt/entservices-infra-325511/Tests/L1Tests/tests/test_AppManager.cpp
2026-02-23 09:56:43,004 - Knowledge - INFO - Worker kw15 processing /app/data/T0015/325511/b5520qt/entservices-infra-325511/ResourceManager/ResourceManagerImplementation.cpp
2026-02-23 09:56:43,723 - Knowledge - INFO - process ingested knowledge for /app/data/T0015/325511/b5520qt/entservices-infra-325511/Tests/L1Tests/tests/test_OCIContainer.cpp
2026-02-23 09:56:43,779 - Knowledge - INFO - process ingested knowledge for /app/data/T0015/325511/b5520qt/entservices-infra-325511/helpers/StringUtils.h
2026-02-23 09:56:43,852 - Knowledge - INFO - done ingest for /app/data/T0015/325511/b5520qt/entservices-infra-325511/services.cmake
2026-02-23 09:56:43,901 - Knowledge - INFO - [kw12] Queue=129, InProgress=0, PendingWorkers=20/20, Completed=287/475 (60.4%)
2026-02-23 09:56:43,901 - Knowledge - INFO - [LLM_CALL] Completed: WsManager.h:chunk1, Duration: 30888ms, PromptTokens: 10458, CompletionTokens: 1121, Cost: $0.00149
2026-02-23 09:56:44,243 - Knowledge - INFO - Worker kw7 processing /app/data/T0015/325511/b5520qt/entservices-infra-325511/Tests/L2Tests/tests/UserSettings_L2Test.cpp
2026-02-23 09:56:44,380 - Knowledge - INFO - Fast-tracked /app/data/T0015/325511/b5520qt/entservices-infra-325511/Tests/CopilotFiles/copilot-instructions-mock.md (ext=.md, size=19240)
2026-02-23 09:56:44,798 - Knowledge - INFO - Worker kw15 processing /app/data/T0015/325511/b5520qt/entservices-infra-325511/ResourceManager/CMakeLists.txt
2026-02-23 09:56:45,421 - Knowledge - INFO - process ingested knowledge for /app/data/T0015/325511/b5520qt/entservices-infra-325511/Tests/L1Tests/tests/test_USBDevice.cpp
2026-02-23 09:56:45,469 - Knowledge - INFO - process ingested knowledge for /app/data/T0015/325511/b5520qt/entservices-infra-325511/helpers/BaseEventDelegate.h
2026-02-23 09:56:45,545 - Knowledge - INFO - Batch sizing: calculated=5, max_allowed=10, queue=129, active_workers=20/20
2026-02-23 09:56:45,576 - Knowledge - INFO - process ingested knowledge for /app/data/T0015/325511/b5520qt/entservices-infra-325511/Tests/L1Tests/tests/test_UtilsFile.cpp
2026-02-23 09:56:45,699 - Knowledge - INFO - done ingest for /app/data/T0015/325511/b5520qt/entservices-infra-325511/helpers/WsManager.h
2026-02-23 09:56:45,728 - Knowledge - INFO - [LLM_CALL] Completed: WebSocketLink.h:chunk1, Duration: 34358ms, PromptTokens: 16556, CompletionTokens: 1427, Cost: $0.00223
2026-02-23 09:56:45,904 - Knowledge - INFO - Fast-tracked /app/data/T0015/325511/b5520qt/entservices-infra-325511/Tests/L2Tests/tests/UserSettings_L2Test.cpp (ext=.cpp, size=167636)
2026-02-23 09:56:46,048 - Knowledge - INFO - Worker kw2 processing /app/data/T0015/325511/b5520qt/entservices-infra-325511/Tests/CopilotFiles/l1_tests.instructions.md
2026-02-23 09:56:46,248 - Knowledge - INFO - Fast-tracked /app/data/T0015/325511/b5520qt/entservices-infra-325511/ResourceManager/CMakeLists.txt (ext=.txt, size=3087)
2026-02-23 09:56:46,368 - Knowledge - INFO - process ingested knowledge for /app/data/T0015/325511/b5520qt/entservices-infra-325511/Tests/L1Tests/tests/test_Migration.cpp
2026-02-23 09:56:46,945 - Knowledge - INFO - process ingested knowledge for /app/data/T0015/325511/b5520qt/entservices-infra-325511/helpers/UtilsLogging.h
2026-02-23 09:56:46,971 - Knowledge - INFO - process ingested knowledge for /app/data/T0015/325511/b5520qt/entservices-infra-325511/Tests/L1Tests/tests/test_PreinstallManager.cpp
2026-02-23 09:56:47,100 - Knowledge - INFO - done ingest for /app/data/T0015/325511/b5520qt/entservices-infra-325511/helpers/WebSocketLink.h
2026-02-23 09:56:47,122 - Knowledge - INFO - Processing batch of 5 files
2026-02-23 09:56:47,140 - Knowledge - INFO - [LLM_CALL] Completed: UtilsInputValidator.h:chunk1, Duration: 37124ms, PromptTokens: 4868, CompletionTokens: 613, Cost: $0.00073
2026-02-23 09:56:47,210 - Knowledge - INFO - Worker kw7 processing /app/data/T0015/325511/b5520qt/entservices-infra-325511/Tests/L2Tests/tests/UsbMassStorage_L2Test.cpp
2026-02-23 09:56:47,388 - Knowledge - INFO - Fast-tracked /app/data/T0015/325511/b5520qt/entservices-infra-325511/Tests/CopilotFiles/l1_tests.instructions.md (ext=.md, size=5483)
2026-02-23 09:56:47,517 - Knowledge - INFO - Worker kw15 processing /app/data/T0015/325511/b5520qt/entservices-infra-325511/ResourceManager/ResourceManager.h
2026-02-23 09:56:47,702 - Knowledge - INFO - process ingested knowledge for /app/data/T0015/325511/b5520qt/entservices-infra-325511/Tests/L1Tests/tests/test_MessageControl.cpp
2026-02-23 09:56:48,190 - Knowledge - INFO - process ingested knowledge for /app/data/T0015/325511/b5520qt/entservices-infra-325511/Tests/L1Tests/tests/test_RDKShell.cpp
2026-02-23 09:56:48,225 - Knowledge - INFO - process ingested knowledge for /app/data/T0015/325511/b5520qt/entservices-infra-325511/Tests/L1Tests/tests/test_USBMassStorage.cpp
2026-02-23 09:56:48,354 - Knowledge - INFO - done ingest for /app/data/T0015/325511/b5520qt/entservices-infra-325511/helpers/UtilsInputValidator.h
2026-02-23 09:56:48,365 - Knowledge - INFO - [LLM_CALL] Completed: DownloadManager.h:chunk1, Duration: 26650ms, PromptTokens: 2322, CompletionTokens: 391, Cost: $0.00039
2026-02-23 09:56:48,569 - Knowledge - INFO - Fast-tracked /app/data/T0015/325511/b5520qt/entservices-infra-325511/Tests/L2Tests/tests/UsbMassStorage_L2Test.cpp (ext=.cpp, size=68076)
2026-02-23 09:56:48,675 - Knowledge - INFO - Worker kw2 processing /app/data/T0015/325511/b5520qt/entservices-infra-325511/Tests/README.md
2026-02-23 09:56:48,819 - Knowledge - INFO - Worker kw15 processing /app/data/T0015/325511/b5520qt/entservices-infra-325511/ResourceManager/README.md
2026-02-23 09:56:49,208 - Knowledge - INFO - process ingested knowledge for /app/data/T0015/325511/b5520qt/entservices-infra-325511/Tests/L1Tests/tests/test_DownloadManager.cpp
2026-02-23 09:56:49,480 - Knowledge - INFO - done ingest for /app/data/T0015/325511/b5520qt/entservices-infra-325511/DownloadManager/DownloadManager.h
2026-02-23 09:56:49,518 - Knowledge - INFO - Async storing batch of 6 embeddings
2026-02-23 09:56:49,546 - Knowledge - INFO - process ingested knowledge for /app/data/T0015/325511/b5520qt/entservices-infra-325511/Tests/L1Tests/tests/test_ResourceManager.cpp
2026-02-23 09:56:49,560 - Knowledge - INFO - Processing batch of 5 files
2026-02-23 09:56:49,568 - Knowledge - INFO - Processing batch of 6 files
2026-02-23 09:56:49,652 - Knowledge - INFO - Worker kw7 processing /app/data/T0015/325511/b5520qt/entservices-infra-325511/Tests/L2Tests/tests/ResourceManager_L2Test.cpp
2026-02-23 09:56:49,758 - Knowledge - INFO - Fast-tracked /app/data/T0015/325511/b5520qt/entservices-infra-325511/Tests/README.md (ext=.md, size=4041)
2026-02-23 09:56:50,041 - Knowledge - INFO - Fast-tracked /app/data/T0015/325511/b5520qt/entservices-infra-325511/ResourceManager/README.md (ext=.md, size=1333)
2026-02-23 09:56:50,550 - Knowledge - INFO - [WEBSOCKET] Sent: Type=progress_update, Size: 292, Duration: 0ms
2026-02-23 09:56:50,864 - Knowledge - INFO - Worker kw12 processing /app/data/T0015/325511/b5520qt/entservices-infra-325511/ResourceManager/Module.cpp
2026-02-23 09:56:51,151 - Knowledge - INFO - process ingested knowledge for /app/data/T0015/325511/b5520qt/entservices-infra-325511/Tests/L1Tests/tests/test_LifecycleManager.cpp
2026-02-23 09:56:51,169 - Knowledge - INFO - process ingested knowledge for /app/data/T0015/325511/b5520qt/entservices-infra-325511/Tests/L1Tests/tests/test_RunTimeManager.cpp
2026-02-23 09:56:51,437 - Knowledge - INFO - process ingested knowledge for /app/data/T0015/325511/b5520qt/entservices-infra-325511/helpers/cSettings.h
2026-02-23 09:56:51,582 - Knowledge - INFO - Fast-tracked /app/data/T0015/325511/b5520qt/entservices-infra-325511/Tests/L2Tests/tests/ResourceManager_L2Test.cpp (ext=.cpp, size=6784)
2026-02-23 09:56:51,643 - Knowledge - INFO - [kw20] Queue=124, InProgress=0, PendingWorkers=20/20, Completed=297/475 (62.5%)
2026-02-23 09:56:51,706 - Knowledge - INFO - Worker kw2 processing /app/data/T0015/325511/b5520qt/entservices-infra-325511/ResourceManager/ResourceManager.cpp
2026-02-23 09:56:52,010 - Knowledge - WARNING - Timeout processing /app/data/T0015/325511/b5520qt/entservices-infra-325511/PreinstallManager/PreinstallManagerImplementation.cpp after 90s - using fallback metadata
2026-02-23 09:56:52,096 - Knowledge - INFO - Fast-tracked /app/data/T0015/325511/b5520qt/entservices-infra-325511/ResourceManager/Module.cpp (ext=.cpp, size=816)
2026-02-23 09:56:52,103 - Knowledge - INFO - [WEBSOCKET] Sent: Type=unknown, Size: ?, Duration: 1553ms
2026-02-23 09:56:52,652 - Knowledge - INFO - Async storage completed for 6 embeddings
2026-02-23 09:56:52,694 - Knowledge - INFO - process ingested knowledge for /app/data/T0015/325511/b5520qt/entservices-infra-325511/Tests/L1Tests/tests/test_Telemetry.cpp
2026-02-23 09:56:52,741 - Knowledge - INFO - Batch sizing: calculated=5, max_allowed=10, queue=124, active_workers=20/20
2026-02-23 09:56:52,941 - Knowledge - INFO - process ingested knowledge for /app/data/T0015/325511/b5520qt/entservices-infra-325511/helpers/UtilsBIT.h
2026-02-23 09:56:52,948 - Knowledge - INFO - process ingested knowledge for /app/data/T0015/325511/b5520qt/entservices-infra-325511/Tests/clang.cmake
2026-02-23 09:56:53,134 - Knowledge - INFO - Worker kw12 processing /app/data/T0015/325511/b5520qt/entservices-infra-325511/ResourceManager/CHANGELOG.md
2026-02-23 09:56:53,216 - Knowledge - INFO - Fast-tracked /app/data/T0015/325511/b5520qt/entservices-infra-325511/ResourceManager/ResourceManager.h (small file (2008 bytes))
2026-02-23 09:56:53,317 - Knowledge - INFO - Progress: 61.9% | Files: 297/475 | Rate: 1.26 files/sec | Queue: 124
2026-02-23 09:56:53,317 - Knowledge - INFO - [LLM_CALL] Completed: DownloadManagerImplementation.h:chunk1, Duration: 27821ms, PromptTokens: 3328, CompletionTokens: 826, Cost: $0.00066
2026-02-23 09:56:53,846 - Knowledge - INFO - process ingested knowledge for /app/data/T0015/325511/b5520qt/entservices-infra-325511/helpers/UtilsJsonRpc.h
2026-02-23 09:56:53,917 - Knowledge - INFO - process ingested knowledge for /app/data/T0015/325511/b5520qt/entservices-infra-325511/Tests/L1Tests/tests/test_PackageManager.cpp
2026-02-23 09:56:53,949 - Knowledge - INFO - process ingested knowledge for /app/data/T0015/325511/b5520qt/entservices-infra-325511/Tests/gcc-with-coverage.cmake
2026-02-23 09:56:54,127 - Knowledge - INFO - Fast-tracked /app/data/T0015/325511/b5520qt/entservices-infra-325511/ResourceManager/CHANGELOG.md (ext=.md, size=1015)
2026-02-23 09:56:54,242 - Knowledge - INFO - Async storage completed for 6 embeddings
2026-02-23 09:56:54,369 - Knowledge - INFO - [kw19] Queue=119, InProgress=0, PendingWorkers=20/20, Completed=301/475 (63.4%)
2026-02-23 09:56:54,451 - Knowledge - INFO - done ingest for /app/data/T0015/325511/b5520qt/entservices-infra-325511/DownloadManager/DownloadManagerImplementation.h
2026-02-23 09:56:54,453 - Knowledge - INFO - [LLM_CALL] Completed: UtilsJsonrpcDirectLink.h:chunk1, Duration: 42929ms, PromptTokens: 3234, CompletionTokens: 463, Cost: $0.00051
2026-02-23 09:56:54,564 - Knowledge - INFO - process ingested knowledge for /app/data/T0015/325511/b5520qt/entservices-infra-325511/helpers/UtilsSynchroIarm.hpp
2026-02-23 09:56:54,771 - Knowledge - INFO - process ingested knowledge for /app/data/T0015/325511/b5520qt/entservices-infra-325511/Tests/L2Tests/CMakeLists.txt
2026-02-23 09:56:54,864 - Knowledge - INFO - Worker kw12 processing /app/data/T0015/325511/b5520qt/entservices-infra-325511/ResourceManager/ResourceManagerImplementation.h
2026-02-23 09:56:55,062 - Knowledge - INFO - Batch sizing: calculated=5, max_allowed=10, queue=119, active_workers=20/20
2026-02-23 09:56:55,191 - Knowledge - INFO - Async storage completed for 6 embeddings
2026-02-23 09:56:55,256 - Knowledge - INFO - done ingest for /app/data/T0015/325511/b5520qt/entservices-infra-325511/helpers/UtilsJsonrpcDirectLink.h
2026-02-23 09:56:55,259 - Knowledge - INFO - Async storing batch of 6 embeddings
2026-02-23 09:56:55,259 - Knowledge - INFO - [LLM_CALL] Completed: UtilsFirebolt.h:chunk1, Duration: 55120ms, PromptTokens: 3380, CompletionTokens: 966, Cost: $0.00072
2026-02-23 09:56:55,336 - Knowledge - INFO - process ingested knowledge for /app/data/T0015/325511/b5520qt/entservices-infra-325511/helpers/UtilsProcess.h
2026-02-23 09:56:55,419 - Knowledge - INFO - process ingested knowledge for /app/data/T0015/325511/b5520qt/entservices-infra-325511/Tests/L2Tests/tests/Migration_L2Test.cpp
2026-02-23 09:56:55,514 - Knowledge - INFO - Worker kw12 processing /app/data/T0015/325511/b5520qt/entservices-infra-325511/USBMassStorage/USBMassStorage.cpp
2026-02-23 09:56:56,156 - Knowledge - INFO - Worker kw20 processing /app/data/T0015/325511/b5520qt/entservices-infra-325511/USBMassStorage/USBMassStorageImplementation.cpp
2026-02-23 09:56:56,291 - Knowledge - INFO - done ingest for /app/data/T0015/325511/b5520qt/entservices-infra-325511/helpers/UtilsFirebolt.h
2026-02-23 09:56:56,299 - Knowledge - INFO - [LLM_CALL] Completed: DownloadManagerImplementation.cpp:chunk1, Duration: 41944ms, PromptTokens: 9974, CompletionTokens: 715, Cost: $0.00128
2026-02-23 09:56:56,420 - Knowledge - INFO - process ingested knowledge for /app/data/T0015/325511/b5520qt/entservices-infra-325511/helpers/UtilsString.h
2026-02-23 09:56:56,600 - Knowledge - INFO - Worker kw12 processing /app/data/T0015/325511/b5520qt/entservices-infra-325511/USBMassStorage/Module.h
2026-02-23 09:56:56,688 - Knowledge - INFO - Worker kw20 processing /app/data/T0015/325511/b5520qt/entservices-infra-325511/USBMassStorage/CMakeLists.txt
2026-02-23 09:56:56,944 - Knowledge - INFO - done ingest for /app/data/T0015/325511/b5520qt/entservices-infra-325511/DownloadManager/DownloadManagerImplementation.cpp
2026-02-23 09:56:56,950 - Knowledge - INFO - [kw13] Queue=114, InProgress=0, PendingWorkers=20/20, Completed=303/475 (63.8%)
2026-02-23 09:56:56,995 - Knowledge - INFO - Async storing batch of 6 embeddings
2026-02-23 09:56:57,021 - Knowledge - INFO - [LLM_CALL] Completed: DownloadManager.cpp:chunk1, Duration: 31550ms, PromptTokens: 2716, CompletionTokens: 666, Cost: $0.00054
2026-02-23 09:56:57,302 - Knowledge - INFO - Fast-tracked /app/data/T0015/325511/b5520qt/entservices-infra-325511/USBMassStorage/Module.h (ext=.h, size=876)
2026-02-23 09:56:57,400 - Knowledge - INFO - Fast-tracked /app/data/T0015/325511/b5520qt/entservices-infra-325511/USBMassStorage/CMakeLists.txt (ext=.txt, size=3543)
2026-02-23 09:56:57,471 - Knowledge - INFO - [kw14] Queue=114, InProgress=0, PendingWorkers=20/20, Completed=308/475 (64.8%)
2026-02-23 09:56:57,584 - Knowledge - INFO - Batch sizing: calculated=5, max_allowed=10, queue=114, active_workers=20/20
2026-02-23 09:56:57,714 - Knowledge - INFO - Worker kw19 processing /app/data/T0015/325511/b5520qt/entservices-infra-325511/USBMassStorage/USBMassStorageImplementation.h
2026-02-23 09:56:57,822 - Knowledge - INFO - done ingest for /app/data/T0015/325511/b5520qt/entservices-infra-325511/DownloadManager/DownloadManager.cpp
2026-02-23 09:56:57,834 - Knowledge - INFO - [kw4] Queue=114, InProgress=0, PendingWorkers=20/20, Completed=308/475 (64.8%)
2026-02-23 09:56:57,838 - Knowledge - INFO - [LLM_CALL] Completed: UtilsSynchro.hpp:chunk1, Duration: 43057ms, PromptTokens: 2892, CompletionTokens: 496, Cost: $0.00049
2026-02-23 09:56:57,912 - Knowledge - INFO - Fast-tracked /app/data/T0015/325511/b5520qt/entservices-infra-325511/ResourceManager/ResourceManagerImplementation.h (small file (3048 bytes))
2026-02-23 09:56:57,999 - Knowledge - INFO - Worker kw20 processing /app/data/T0015/325511/b5520qt/entservices-infra-325511/USBMassStorage/USBMassStorage.h
2026-02-23 09:56:58,098 - Knowledge - INFO - Batch sizing: calculated=5, max_allowed=10, queue=114, active_workers=20/20
2026-02-23 09:56:58,265 - Knowledge - INFO - Worker kw19 processing /app/data/T0015/325511/b5520qt/entservices-infra-325511/AppGateway/Resolver.h
2026-02-23 09:56:58,449 - Knowledge - INFO - Batch sizing: calculated=5, max_allowed=10, queue=114, active_workers=20/20
2026-02-23 09:56:58,550 - Knowledge - INFO - done ingest for /app/data/T0015/325511/b5520qt/entservices-infra-325511/helpers/UtilsSynchro.hpp
2026-02-23 09:56:58,631 - Knowledge - INFO - [LLM_CALL] Completed: DownloadManagerHttpClient.cpp:chunk1, Duration: 33141ms, PromptTokens: 2914, CompletionTokens: 404, Cost: $0.00045
2026-02-23 09:56:58,818 - Knowledge - INFO - Worker kw20 processing /app/data/T0015/325511/b5520qt/entservices-infra-325511/USBMassStorage/Module.cpp
2026-02-23 09:56:59,052 - Knowledge - INFO - Worker kw19 processing /app/data/T0015/325511/b5520qt/entservices-infra-325511/AppGateway/AppGateway.cpp
2026-02-23 09:56:59,433 - Knowledge - INFO - done ingest for /app/data/T0015/325511/b5520qt/entservices-infra-325511/DownloadManager/DownloadManagerHttpClient.cpp
2026-02-23 09:56:59,524 - Knowledge - INFO - [WEBSOCKET] Sent: Type=progress_update, Size: 293, Duration: 1690ms
2026-02-23 09:56:59,567 - Knowledge - INFO - Fast-tracked /app/data/T0015/325511/b5520qt/entservices-infra-325511/USBMassStorage/Module.cpp (ext=.cpp, size=763)
2026-02-23 09:56:59,677 - Knowledge - INFO - Worker kw19 processing /app/data/T0015/325511/b5520qt/entservices-infra-325511/AppGateway/Module.h
2026-02-23 09:56:59,885 - Knowledge - INFO - Processing batch of 5 files
2026-02-23 09:56:59,889 - Knowledge - INFO - Processing batch of 5 files
2026-02-23 09:56:59,893 - Knowledge - INFO - Async storing batch of 6 embeddings
2026-02-23 09:56:59,894 - Knowledge - INFO - [kw11] Queue=99, InProgress=0, PendingWorkers=20/20, Completed=312/475 (65.7%)
2026-02-23 09:56:59,894 - Knowledge - INFO - Async storing batch of 5 embeddings
2026-02-23 09:56:59,896 - Knowledge - INFO - [LLM_CALL] Completed: frontpanel.h:chunk1, Duration: 41751ms, PromptTokens: 2494, CompletionTokens: 950, Cost: $0.00063
2026-02-23 09:56:59,896 - Knowledge - INFO - Async storing batch of 5 embeddings
2026-02-23 09:57:00,001 - Knowledge - INFO - Worker kw20 processing /app/data/T0015/325511/b5520qt/entservices-infra-325511/USBMassStorage/CHANGELOG.md
2026-02-23 09:57:00,123 - Knowledge - INFO - Fast-tracked /app/data/T0015/325511/b5520qt/entservices-infra-325511/AppGateway/Module.h (ext=.h, size=872)
2026-02-23 09:57:00,217 - Knowledge - INFO - process ingested knowledge for /app/data/T0015/325511/b5520qt/entservices-infra-325511/helpers/UtilsLibraryLoader.h
2026-02-23 09:57:00,297 - Knowledge - INFO - process ingested knowledge for /app/data/T0015/325511/b5520qt/entservices-infra-325511/Tests/L2Tests/tests/UsbDevice_L2Test.cpp
2026-02-23 09:57:00,384 - Knowledge - INFO - Worker kw13 processing /app/data/T0015/325511/b5520qt/entservices-infra-325511/AppGateway/AppGatewayImplementation.cpp
2026-02-23 09:57:00,466 - Knowledge - INFO - Batch sizing: calculated=4, max_allowed=10, queue=99, active_workers=20/20
2026-02-23 09:57:00,567 - Knowledge - INFO - Worker kw14 processing /app/data/T0015/325511/b5520qt/entservices-infra-325511/AppGateway/tests/CurlCmds.md
2026-02-23 09:57:00,684 - Knowledge - INFO - Async storage completed for 6 embeddings
2026-02-23 09:57:00,714 - Knowledge - INFO - done ingest for /app/data/T0015/325511/b5520qt/entservices-infra-325511/helpers/frontpanel.h
2026-02-23 09:57:00,717 - Knowledge - INFO - [WEBSOCKET] Sent: Type=unknown, Size: ?, Duration: 2883ms
2026-02-23 09:57:00,802 - Knowledge - INFO - Worker kw4 processing /app/data/T0015/325511/b5520qt/entservices-infra-325511/Telemetry/Telemetry.cpp
2026-02-23 09:57:00,889 - Knowledge - INFO - Fast-tracked /app/data/T0015/325511/b5520qt/entservices-infra-325511/USBMassStorage/CHANGELOG.md (ext=.md, size=1013)
2026-02-23 09:57:00,986 - Knowledge - INFO - Worker kw19 processing /app/data/T0015/325511/b5520qt/entservices-infra-325511/AppGateway/AppGatewayResponderImplementation.cpp
2026-02-23 09:57:01,071 - Knowledge - INFO - process ingested knowledge for /app/data/T0015/325511/b5520qt/entservices-infra-325511/helpers/UtilsCStr.h
2026-02-23 09:57:01,159 - Knowledge - INFO - process ingested knowledge for /app/data/T0015/325511/b5520qt/entservices-infra-325511/Tests/L2Tests/tests/OCIContainer_L2Test.cpp
2026-02-23 09:57:01,284 - Knowledge - INFO - Worker kw13 processing /app/data/T0015/325511/b5520qt/entservices-infra-325511/AppGateway/CMakeLists.txt
2026-02-23 09:57:01,482 - Knowledge - INFO - Fast-tracked /app/data/T0015/325511/b5520qt/entservices-infra-325511/AppGateway/tests/CurlCmds.md (ext=.md, size=1006)
2026-02-23 09:57:01,754 - Knowledge - INFO - Progress: 64.0% | Files: 316/475 | Rate: 1.30 files/sec | Queue: 95
2026-02-23 09:57:01,754 - Knowledge - INFO - [LLM_CALL] Completed: ResourceManager.cpp:chunk1, Duration: 7302ms, PromptTokens: 2498, CompletionTokens: 476, Cost: $0.00044
2026-02-23 09:57:01,888 - Knowledge - INFO - Worker kw4 processing /app/data/T0015/325511/b5520qt/entservices-infra-325511/Telemetry/TelemetryImplementation.cpp
2026-02-23 09:57:02,144 - Knowledge - INFO - process ingested knowledge for /app/data/T0015/325511/b5520qt/entservices-infra-325511/helpers/UtilsController.h
2026-02-23 09:57:02,245 - Knowledge - INFO - process ingested knowledge for /app/data/T0015/325511/b5520qt/entservices-infra-325511/Tests/L2Tests/tests/UsbAccess_L2Test.cpp
2026-02-23 09:57:02,329 - Knowledge - INFO - Fast-tracked /app/data/T0015/325511/b5520qt/entservices-infra-325511/AppGateway/CMakeLists.txt (ext=.txt, size=3335)
2026-02-23 09:57:02,420 - Knowledge - INFO - Worker kw14 processing /app/data/T0015/325511/b5520qt/entservices-infra-325511/AppGateway/Module.cpp
2026-02-23 09:57:02,504 - Knowledge - INFO - [kw1] Queue=95, InProgress=0, PendingWorkers=20/20, Completed=320/475 (67.4%)
2026-02-23 09:57:02,601 - Knowledge - INFO - done ingest for /app/data/T0015/325511/b5520qt/entservices-infra-325511/ResourceManager/ResourceManager.cpp
2026-02-23 09:57:02,602 - Knowledge - INFO - [LLM_CALL] Completed: ResourceManagerImplementation.cpp:chunk1, Duration: 10507ms, PromptTokens: 10066, CompletionTokens: 629, Cost: $0.00126
2026-02-23 09:57:02,729 - Knowledge - INFO - Worker kw4 processing /app/data/T0015/325511/b5520qt/entservices-infra-325511/Telemetry/CMakeLists.txt
2026-02-23 09:57:02,824 - Knowledge - INFO - process ingested knowledge for /app/data/T0015/325511/b5520qt/entservices-infra-325511/helpers/WebSocketLink.h
2026-02-23 09:57:02,910 - Knowledge - INFO - process ingested knowledge for /app/data/T0015/325511/b5520qt/entservices-infra-325511/Tests/L2Tests/tests/AppManager_L2Test.cpp
2026-02-23 09:57:02,997 - Knowledge - INFO - Worker kw13 processing /app/data/T0015/325511/b5520qt/entservices-infra-325511/AppGateway/AppGatewayResponderImplementation.h
2026-02-23 09:57:03,089 - Knowledge - INFO - Fast-tracked /app/data/T0015/325511/b5520qt/entservices-infra-325511/AppGateway/Module.cpp (ext=.cpp, size=763)
2026-02-23 09:57:03,182 - Knowledge - INFO - Batch sizing: calculated=4, max_allowed=10, queue=95, active_workers=20/20
2026-02-23 09:57:03,372 - Knowledge - INFO - done ingest for /app/data/T0015/325511/b5520qt/entservices-infra-325511/ResourceManager/ResourceManagerImplementation.cpp
2026-02-23 09:57:03,376 - Knowledge - INFO - Async storing batch of 5 embeddings
2026-02-23 09:57:03,376 - Knowledge - INFO - [WEBSOCKET] Sent: Type=progress_update, Size: 293, Duration: 2ms
2026-02-23 09:57:03,451 - Knowledge - INFO - Fast-tracked /app/data/T0015/325511/b5520qt/entservices-infra-325511/Telemetry/CMakeLists.txt (ext=.txt, size=3357)
2026-02-23 09:57:03,546 - Knowledge - INFO - process ingested knowledge for /app/data/T0015/325511/b5520qt/entservices-infra-325511/helpers/UtilsUnused.h
2026-02-23 09:57:03,672 - Knowledge - INFO - process ingested knowledge for /app/data/T0015/325511/b5520qt/entservices-infra-325511/Tests/L2Tests/tests/SharedStorage_L2Test.cpp
2026-02-23 09:57:03,777 - Knowledge - INFO - Worker kw13 processing /app/data/T0015/325511/b5520qt/entservices-infra-325511/AppGateway/AppGateway.h
2026-02-23 09:57:03,859 - Knowledge - INFO - Worker kw14 processing /app/data/T0015/325511/b5520qt/entservices-infra-325511/AppGateway/resolutions/resolution.base.json
2026-02-23 09:57:04,129 - Knowledge - INFO - Worker kw11 processing /app/data/T0015/325511/b5520qt/entservices-infra-325511/Telemetry/Module.cpp
2026-02-23 09:57:04,207 - Knowledge - INFO - Processing batch of 5 files
2026-02-23 09:57:04,209 - Knowledge - INFO - Processing batch of 5 files
2026-02-23 09:57:04,209 - Knowledge - INFO - [WEBSOCKET] Sent: Type=unknown, Size: ?, Duration: 834ms
2026-02-23 09:57:04,325 - Knowledge - INFO - Worker kw4 processing /app/data/T0015/325511/b5520qt/entservices-infra-325511/Telemetry/Telemetry.h
2026-02-23 09:57:04,581 - Knowledge - INFO - Worker kw13 processing /app/data/T0015/325511/b5520qt/entservices-infra-325511/AppGateway/Resolver.cpp
2026-02-23 09:57:04,670 - Knowledge - INFO - Fast-tracked /app/data/T0015/325511/b5520qt/entservices-infra-325511/AppGateway/resolutions/resolution.base.json (ext=.json, size=9540)
2026-02-23 09:57:04,760 - Knowledge - INFO - Fast-tracked /app/data/T0015/325511/b5520qt/entservices-infra-325511/Telemetry/Module.cpp (ext=.cpp, size=765)
2026-02-23 09:57:04,876 - Knowledge - INFO - process ingested knowledge for /app/data/T0015/325511/b5520qt/entservices-infra-325511/helpers/tptimer.h
2026-02-23 09:57:04,988 - Knowledge - INFO - process ingested knowledge for /app/data/T0015/325511/b5520qt/entservices-infra-325511/DownloadManager/Module.cpp
2026-02-23 09:57:05,079 - Knowledge - INFO - Progress: 68.2% | Files: 331/475 | Rate: 1.32 files/sec | Queue: 91
2026-02-23 09:57:05,081 - Knowledge - INFO - Async storing batch of 5 embeddings
2026-02-23 09:57:05,089 - Knowledge - INFO - Processing batch of 5 files
2026-02-23 09:57:05,090 - Knowledge - INFO - Processing batch of 6 files
2026-02-23 09:57:05,181 - Knowledge - INFO - Worker kw4 processing /app/data/T0015/325511/b5520qt/entservices-infra-325511/Telemetry/README.md
2026-02-23 09:57:05,221 - Knowledge - INFO - [kw18] Queue=91, InProgress=0, PendingWorkers=20/20, Completed=336/475 (70.7%)
2026-02-23 09:57:05,230 - Knowledge - INFO - Processing batch of 5 files
2026-02-23 09:57:05,241 - Knowledge - INFO - Processing batch of 5 files
2026-02-23 09:57:05,243 - Knowledge - INFO - Processing batch of 5 files
2026-02-23 09:57:05,243 - Knowledge - INFO - Processing batch of 5 files
2026-02-23 09:57:05,245 - Knowledge - INFO - [kw17] Queue=91, InProgress=0, PendingWorkers=20/20, Completed=346/475 (72.8%)
2026-02-23 09:57:05,246 - Knowledge - INFO - Processing batch of 5 files
2026-02-23 09:57:05,351 - Knowledge - INFO - Worker kw14 processing /app/data/T0015/325511/b5520qt/entservices-infra-325511/AppGateway/AppGatewayImplementation.h
2026-02-23 09:57:06,710 - Knowledge - INFO - Batch sizing: calculated=4, max_allowed=10, queue=91, active_workers=20/20
2026-02-23 09:57:05,513 - Knowledge - INFO - process ingested knowledge for /app/data/T0015/325511/b5520qt/entservices-infra-325511/helpers/WsManager.h
2026-02-23 09:57:05,597 - Knowledge - INFO - process ingested knowledge for /app/data/T0015/325511/b5520qt/entservices-infra-325511/DownloadManager/DownloadManagerImplementation.h
2026-02-23 09:57:05,696 - Knowledge - INFO - [kw6] Queue=91, InProgress=0, PendingWorkers=20/20, Completed=346/475 (72.8%)
2026-02-23 09:57:05,783 - Knowledge - INFO - Worker kw1 processing /app/data/T0015/325511/b5520qt/entservices-infra-325511/LifecycleManager/StateTransitionHandler.h
2026-02-23 09:57:05,908 - Knowledge - INFO - process ingested knowledge for /app/data/T0015/325511/b5520qt/entservices-infra-325511/Tests/L2Tests/tests/Analytics_L2Test.cpp
2026-02-23 09:57:06,010 - Knowledge - INFO - process ingested knowledge for /app/data/T0015/325511/b5520qt/entservices-infra-325511/FbSettings/delegate/UserSettingsDelegate.h
2026-02-23 09:57:06,116 - Knowledge - INFO - Fast-tracked /app/data/T0015/325511/b5520qt/entservices-infra-325511/Telemetry/README.md (ext=.md, size=1185)
2026-02-23 09:57:06,212 - Knowledge - INFO - Batch sizing: calculated=4, max_allowed=10, queue=91, active_workers=20/20
2026-02-23 09:57:06,304 - Knowledge - INFO - process ingested knowledge for /app/data/T0015/325511/b5520qt/entservices-infra-325511/helpers/UtilsUUID.h
2026-02-23 09:57:06,381 - Knowledge - INFO - process ingested knowledge for /app/data/T0015/325511/b5520qt/entservices-infra-325511/Tests/L2Tests/tests/Telemetry_L2Test.cpp
2026-02-23 09:57:06,503 - Knowledge - INFO - process ingested knowledge for /app/data/T0015/325511/b5520qt/entservices-infra-325511/ResourceManager/Module.h
2026-02-23 09:57:06,595 - Knowledge - INFO - process ingested knowledge for /app/data/T0015/325511/b5520qt/entservices-infra-325511/DownloadManager/Module.h
2026-02-23 09:57:05,432 - Knowledge - INFO - Worker kw11 processing /app/data/T0015/325511/b5520qt/entservices-infra-325511/Telemetry/TelemetryImplementation.h
2026-02-23 09:57:06,803 - Knowledge - INFO - process ingested knowledge for /app/data/T0015/325511/b5520qt/entservices-infra-325511/helpers/UtilsSearchRDKProfile.h
2026-02-23 09:57:06,869 - Knowledge - INFO - [LLM_CALL] Completed: USBMassStorage.cpp:chunk1, Duration: 6975ms, PromptTokens: 4662, CompletionTokens: 639, Cost: $0.00072
2026-02-23 09:57:06,939 - Knowledge - INFO - Worker kw14 processing /app/data/T0015/325511/b5520qt/entservices-infra-325511/Telemetry/Module.h
2026-02-23 09:57:07,151 - Knowledge - INFO - process ingested knowledge for /app/data/T0015/325511/b5520qt/entservices-infra-325511/helpers/UtilsFile.h
2026-02-23 09:57:07,174 - Knowledge - INFO - Async storage completed for 6 embeddings
2026-02-23 09:57:07,237 - Knowledge - INFO - process ingested knowledge for /app/data/T0015/325511/b5520qt/entservices-infra-325511/services.cmake
2026-02-23 09:57:07,322 - Knowledge - INFO - Batch sizing: calculated=4, max_allowed=10, queue=91, active_workers=20/20
2026-02-23 09:57:07,404 - Knowledge - INFO - Fast-tracked /app/data/T0015/325511/b5520qt/entservices-infra-325511/LifecycleManager/StateTransitionHandler.h (ext=.h, size=1484)
2026-02-23 09:57:07,489 - Knowledge - INFO - process ingested knowledge for /app/data/T0015/325511/b5520qt/entservices-infra-325511/Tests/L2Tests/tests/StorageManager_L2Test.cpp
2026-02-23 09:57:07,565 - Knowledge - INFO - process ingested knowledge for /app/data/T0015/325511/b5520qt/entservices-infra-325511/FbSettings/delegate/NetworkDelegate.h
2026-02-23 09:57:07,854 - Knowledge - INFO - process ingested knowledge for /app/data/T0015/325511/b5520qt/entservices-infra-325511/helpers/UtilsFirebolt.h
2026-02-23 09:57:07,933 - Knowledge - INFO - process ingested knowledge for /app/data/T0015/325511/b5520qt/entservices-infra-325511/Tests/CopilotFiles/copilot-instructions-mock.md
2026-02-23 09:57:08,031 - Knowledge - INFO - process ingested knowledge for /app/data/T0015/325511/b5520qt/entservices-infra-325511/ResourceManager/ResourceManagerImplementation.cpp
2026-02-23 09:57:08,117 - Knowledge - INFO - process ingested knowledge for /app/data/T0015/325511/b5520qt/entservices-infra-325511/DownloadManager/DownloadManagerImplementation.cpp
2026-02-23 09:57:08,215 - Knowledge - INFO - Worker kw11 processing /app/data/T0015/325511/b5520qt/entservices-infra-325511/Telemetry/CHANGELOG.md
2026-02-23 09:57:08,292 - Knowledge - INFO - process ingested knowledge for /app/data/T0015/325511/b5520qt/entservices-infra-325511/helpers/UtilsJsonrpcDirectLink.h
2026-02-23 09:57:08,382 - Knowledge - INFO - done ingest for /app/data/T0015/325511/b5520qt/entservices-infra-325511/USBMassStorage/USBMassStorage.cpp
2026-02-23 09:57:08,383 - Knowledge - INFO - Async storing batch of 5 embeddings
2026-02-23 09:57:08,384 - Knowledge - INFO - Async storing batch of 5 embeddings
2026-02-23 09:57:08,482 - Knowledge - INFO - Fast-tracked /app/data/T0015/325511/b5520qt/entservices-infra-325511/Telemetry/Module.h (ext=.h, size=866)
2026-02-23 09:57:08,564 - Knowledge - INFO - process ingested knowledge for /app/data/T0015/325511/b5520qt/entservices-infra-325511/helpers/UtilsfileExists.h
2026-02-23 09:57:08,770 - Knowledge - INFO - process ingested knowledge for /app/data/T0015/325511/b5520qt/entservices-infra-325511/Tests/L1Tests/CMakeLists.txt
2026-02-23 09:57:08,857 - Knowledge - INFO - Async storing batch of 6 embeddings
2026-02-23 09:57:08,936 - Knowledge - INFO - Worker kw1 processing /app/data/T0015/325511/b5520qt/entservices-infra-325511/LifecycleManager/RequestHandler.cpp
2026-02-23 09:57:09,026 - Knowledge - INFO - process ingested knowledge for /app/data/T0015/325511/b5520qt/entservices-infra-325511/Tests/L2Tests/tests/UserSettings_L2Test.cpp
2026-02-23 09:57:09,110 - Knowledge - INFO - process ingested knowledge for /app/data/T0015/325511/b5520qt/entservices-infra-325511/FbSettings/Module.cpp
2026-02-23 09:57:09,188 - Knowledge - INFO - process ingested knowledge for /app/data/T0015/325511/b5520qt/entservices-infra-325511/helpers/PluginInterfaceBuilder.h
2026-02-23 09:57:09,294 - Knowledge - INFO - process ingested knowledge for /app/data/T0015/325511/b5520qt/entservices-infra-325511/Tests/CopilotFiles/l1_tests.instructions.md
2026-02-23 09:57:09,370 - Knowledge - INFO - process ingested knowledge for /app/data/T0015/325511/b5520qt/entservices-infra-325511/ResourceManager/CMakeLists.txt
2026-02-23 09:57:09,473 - Knowledge - INFO - process ingested knowledge for /app/data/T0015/325511/b5520qt/entservices-infra-325511/DownloadManager/CMakeLists.txt
2026-02-23 09:57:09,610 - Knowledge - INFO - Fast-tracked /app/data/T0015/325511/b5520qt/entservices-infra-325511/Telemetry/CHANGELOG.md (ext=.md, size=1015)
2026-02-23 09:57:09,705 - Knowledge - INFO - process ingested knowledge for /app/data/T0015/325511/b5520qt/entservices-infra-325511/helpers/frontpanel.h
2026-02-23 09:57:09,864 - Knowledge - INFO - Processing batch of 5 files
2026-02-23 09:57:09,931 - Knowledge - INFO - Worker kw17 processing /app/data/T0015/325511/b5520qt/entservices-infra-325511/LifecycleManager/LifecycleManagerImplementation.cpp
2026-02-23 09:57:10,026 - Knowledge - INFO - Worker kw18 processing /app/data/T0015/325511/b5520qt/entservices-infra-325511/LifecycleManager/LifecycleManagerTelemetryReporting.h
2026-02-23 09:57:10,202 - Knowledge - INFO - process ingested knowledge for /app/data/T0015/325511/b5520qt/entservices-infra-325511/helpers/PowerManagerInterface.h
2026-02-23 09:57:10,285 - Knowledge - INFO - process ingested knowledge for /app/data/T0015/325511/b5520qt/entservices-infra-325511/Tests/L1Tests/tests/test_UserSettings.cpp
2026-02-23 09:57:10,376 - Knowledge - INFO - Worker kw6 processing /app/data/T0015/325511/b5520qt/entservices-infra-325511/LifecycleManager/LifecycleManagerTelemetryReporting.cpp
2026-02-23 09:57:10,457 - Knowledge - INFO - Worker kw1 processing /app/data/T0015/325511/b5520qt/entservices-infra-325511/LifecycleManager/Module.h
2026-02-23 09:57:10,541 - Knowledge - INFO - process ingested knowledge for /app/data/T0015/325511/b5520qt/entservices-infra-325511/Tests/L2Tests/tests/UsbMassStorage_L2Test.cpp
2026-02-23 09:57:10,629 - Knowledge - INFO - process ingested knowledge for /app/data/T0015/325511/b5520qt/entservices-infra-325511/FbSettings/FbSettings.h
2026-02-23 09:57:10,744 - Knowledge - INFO - process ingested knowledge for /app/data/T0015/325511/b5520qt/entservices-infra-325511/helpers/UtilsInputValidator.h
2026-02-23 09:57:10,836 - Knowledge - INFO - process ingested knowledge for /app/data/T0015/325511/b5520qt/entservices-infra-325511/Tests/README.md
2026-02-23 09:57:10,879 - Knowledge - INFO - Fast-tracked /app/data/T0015/325511/b5520qt/entservices-infra-325511/AppGateway/AppGateway.h (small file (2939 bytes))
2026-02-23 09:57:10,945 - Knowledge - INFO - process ingested knowledge for /app/data/T0015/325511/b5520qt/entservices-infra-325511/ResourceManager/ResourceManager.h
2026-02-23 09:57:11,026 - Knowledge - INFO - process ingested knowledge for /app/data/T0015/325511/b5520qt/entservices-infra-325511/DownloadManager/DownloadManager.h
2026-02-23 09:57:11,113 - Knowledge - INFO - Worker kw11 processing /app/data/T0015/325511/b5520qt/entservices-infra-325511/LifecycleManager/StateHandler.cpp
2026-02-23 09:57:11,198 - Knowledge - INFO - process ingested knowledge for /app/data/T0015/325511/b5520qt/entservices-infra-325511/DownloadManager/DownloadManagerHttpClient.h
2026-02-23 09:57:11,311 - Knowledge - INFO - process ingested knowledge for /app/data/T0015/325511/b5520qt/entservices-infra-325511/ResourceManager/Module.cpp
2026-02-23 09:57:11,394 - Knowledge - INFO - Worker kw17 processing /app/data/T0015/325511/b5520qt/entservices-infra-325511/LifecycleManager/WindowManagerHandler.cpp
2026-02-23 09:57:11,477 - Knowledge - INFO - Worker kw18 processing /app/data/T0015/325511/b5520qt/entservices-infra-325511/LifecycleManager/RuntimeManagerHandler.cpp
2026-02-23 09:57:11,808 - Knowledge - INFO - Worker kw6 processing /app/data/T0015/325511/b5520qt/entservices-infra-325511/LifecycleManager/StateHandler.h
2026-02-23 09:57:11,909 - Knowledge - INFO - Fast-tracked /app/data/T0015/325511/b5520qt/entservices-infra-325511/LifecycleManager/Module.h (ext=.h, size=880)
2026-02-23 09:57:12,085 - Knowledge - INFO - process ingested knowledge for /app/data/T0015/325511/b5520qt/entservices-infra-325511/Tests/L2Tests/tests/ResourceManager_L2Test.cpp
2026-02-23 09:57:12,164 - Knowledge - INFO - process ingested knowledge for /app/data/T0015/325511/b5520qt/entservices-infra-325511/PreinstallManager/PreinstallManagerPlugin.json
2026-02-23 09:57:12,239 - Knowledge - INFO - process ingested knowledge for /app/data/T0015/325511/b5520qt/entservices-infra-325511/helpers/UtilsSynchro.hpp
2026-02-23 09:57:12,402 - Knowledge - INFO - process ingested knowledge for /app/data/T0015/325511/b5520qt/entservices-infra-325511/ResourceManager/ResourceManager.cpp
2026-02-23 09:57:12,403 - Knowledge - INFO - [WEBSOCKET] Sent: Type=progress_update, Size: 293, Duration: 0ms
2026-02-23 09:57:12,490 - Knowledge - INFO - process ingested knowledge for /app/data/T0015/325511/b5520qt/entservices-infra-325511/ResourceManager/README.md
2026-02-23 09:57:12,565 - Knowledge - INFO - process ingested knowledge for /app/data/T0015/325511/b5520qt/entservices-infra-325511/DownloadManager/DownloadManagerHttpClient.cpp
2026-02-23 09:57:12,742 - Knowledge - INFO - process ingested knowledge for /app/data/T0015/325511/b5520qt/entservices-infra-325511/DownloadManager/DownloadManager.cpp
2026-02-23 09:57:12,850 - Knowledge - INFO - process ingested knowledge for /app/data/T0015/325511/b5520qt/entservices-infra-325511/ResourceManager/CHANGELOG.md
2026-02-23 09:57:12,912 - Knowledge - INFO - Async storage completed for 5 embeddings
2026-02-23 09:57:12,954 - Knowledge - INFO - Worker kw17 processing /app/data/T0015/325511/b5520qt/entservices-infra-325511/LifecycleManager/State.cpp
2026-02-23 09:57:13,070 - Knowledge - INFO - Worker kw18 processing /app/data/T0015/325511/b5520qt/entservices-infra-325511/LifecycleManager/CMakeLists.txt
2026-02-23 09:57:13,178 - Knowledge - INFO - Worker kw6 processing /app/data/T0015/325511/b5520qt/entservices-infra-325511/LifecycleManager/RequestHandler.h
2026-02-23 09:57:13,265 - Knowledge - INFO - Worker kw1 processing /app/data/T0015/325511/b5520qt/entservices-infra-325511/LifecycleManager/LifecycleManager.cpp
2026-02-23 09:57:13,456 - Knowledge - INFO - process ingested knowledge for /app/data/T0015/325511/b5520qt/entservices-infra-325511/PreinstallManager/PreinstallManagerImplementation.cpp
2026-02-23 09:57:13,586 - Knowledge - INFO - Async storage completed for 6 embeddings
2026-02-23 09:57:13,790 - Knowledge - INFO - [WEBSOCKET] Sent: Type=unknown, Size: ?, Duration: 1387ms
2026-02-23 09:57:13,860 - Knowledge - INFO - [kw8] Queue=79, InProgress=0, PendingWorkers=20/20, Completed=351/475 (73.9%)
2026-02-23 09:57:14,273 - Knowledge - INFO - process ingested knowledge for /app/data/T0015/325511/b5520qt/entservices-infra-325511/ResourceManager/ResourceManagerImplementation.h
2026-02-23 09:57:14,360 - Knowledge - INFO - Worker kw17 processing /app/data/T0015/325511/b5520qt/entservices-infra-325511/LifecycleManager/ApplicationContext.cpp
2026-02-23 09:57:14,446 - Knowledge - INFO - Fast-tracked /app/data/T0015/325511/b5520qt/entservices-infra-325511/LifecycleManager/CMakeLists.txt (ext=.txt, size=3121)
2026-02-23 09:57:14,498 - Knowledge - INFO - Async storage completed for 6 embeddings
2026-02-23 09:57:14,540 - Knowledge - INFO - Worker kw6 processing /app/data/T0015/325511/b5520qt/entservices-infra-325511/LifecycleManager/README.md
2026-02-23 09:57:14,940 - Knowledge - INFO - Progress: 73.9% | Files: 351/475 | Rate: 1.35 files/sec | Queue: 79
2026-02-23 09:57:15,024 - Knowledge - INFO - Batch sizing: calculated=4, max_allowed=10, queue=79, active_workers=20/20
2026-02-23 09:57:15,183 - Knowledge - INFO - [kw16] Queue=79, InProgress=0, PendingWorkers=20/20, Completed=351/475 (73.9%)
2026-02-23 09:57:15,267 - Knowledge - INFO - [kw7] Queue=79, InProgress=0, PendingWorkers=20/20, Completed=351/475 (73.9%)
2026-02-23 09:57:15,289 - Knowledge - INFO - Worker kw18 processing /app/data/T0015/325511/b5520qt/entservices-infra-325511/LifecycleManager/LifecycleManager.h
2026-02-23 09:57:15,467 - Knowledge - INFO - Fast-tracked /app/data/T0015/325511/b5520qt/entservices-infra-325511/LifecycleManager/README.md (ext=.md, size=146)
2026-02-23 09:57:15,609 - Knowledge - INFO - process ingested knowledge for /app/data/T0015/325511/b5520qt/entservices-infra-325511/USBMassStorage/USBMassStorage.cpp
2026-02-23 09:57:15,809 - Knowledge - INFO - Batch sizing: calculated=4, max_allowed=10, queue=79, active_workers=20/20
2026-02-23 09:57:15,874 - Knowledge - INFO - [kw10] Queue=79, InProgress=0, PendingWorkers=20/20, Completed=351/475 (73.9%)
2026-02-23 09:57:15,904 - Knowledge - INFO - Batch sizing: calculated=4, max_allowed=10, queue=79, active_workers=20/20
2026-02-23 09:57:16,039 - Knowledge - INFO - Async storing batch of 5 embeddings
2026-02-23 09:57:16,052 - Knowledge - INFO - Fast-tracked /app/data/T0015/325511/b5520qt/entservices-infra-325511/LifecycleManager/LifecycleManagerTelemetryReporting.h (small file (2280 bytes))
2026-02-23 09:57:16,213 - Knowledge - INFO - [kw15] Queue=75, InProgress=0, PendingWorkers=20/20, Completed=351/475 (73.9%)
2026-02-23 09:57:16,213 - Knowledge - INFO - [kw2] Queue=75, InProgress=0, PendingWorkers=20/20, Completed=351/475 (73.9%)
2026-02-23 09:57:16,213 - Knowledge - INFO - [kw9] Queue=75, InProgress=0, PendingWorkers=20/20, Completed=351/475 (73.9%)
2026-02-23 09:57:16,214 - Knowledge - INFO - [kw5] Queue=75, InProgress=0, PendingWorkers=20/20, Completed=351/475 (73.9%)
2026-02-23 09:57:16,228 - Knowledge - INFO - process ingested knowledge for /app/data/T0015/325511/b5520qt/entservices-infra-325511/USBMassStorage/Module.h
2026-02-23 09:57:16,310 - Knowledge - INFO - Async storing batch of 5 embeddings
2026-02-23 09:57:16,435 - Knowledge - INFO - Batch sizing: calculated=4, max_allowed=10, queue=79, active_workers=20/20
2026-02-23 09:57:16,574 - Knowledge - INFO - Async storing batch of 5 embeddings
2026-02-23 09:57:16,645 - Knowledge - INFO - Worker kw8 processing /app/data/T0015/325511/b5520qt/entservices-infra-325511/LifecycleManager/RuntimeManagerHandler.h
2026-02-23 09:57:16,738 - Knowledge - INFO - [kw3] Queue=67, InProgress=0, PendingWorkers=20/20, Completed=351/475 (73.9%)
2026-02-23 09:57:16,833 - Knowledge - INFO - Batch sizing: calculated=4, max_allowed=10, queue=75, active_workers=20/20
2026-02-23 09:57:16,951 - Knowledge - INFO - Batch sizing: calculated=4, max_allowed=10, queue=75, active_workers=20/20
2026-02-23 09:57:17,061 - Knowledge - INFO - Batch sizing: calculated=4, max_allowed=10, queue=75, active_workers=20/20
2026-02-23 09:57:17,152 - Knowledge - INFO - Batch sizing: calculated=4, max_allowed=10, queue=75, active_workers=20/20
2026-02-23 09:57:17,430 - Knowledge - INFO - [LLM_CALL] Completed: USBMassStorage.h:chunk1, Duration: 12341ms, PromptTokens: 2442, CompletionTokens: 542, Cost: $0.00046
2026-02-23 09:57:17,431 - Knowledge - INFO - Worker kw16 processing /app/data/T0015/325511/b5520qt/entservices-infra-325511/LifecycleManager/WindowManagerHandler.h
2026-02-23 09:57:17,730 - Knowledge - INFO - Worker kw7 processing /app/data/T0015/325511/b5520qt/entservices-infra-325511/LifecycleManager/ApplicationContext.h
2026-02-23 09:57:17,861 - Knowledge - INFO - Worker kw8 processing /app/data/T0015/325511/b5520qt/entservices-infra-325511/LifecycleManager/StateTransitionRequest.h
2026-02-23 09:57:17,965 - Knowledge - INFO - Batch sizing: calculated=4, max_allowed=10, queue=67, active_workers=20/20
2026-02-23 09:57:18,647 - Knowledge - INFO - done ingest for /app/data/T0015/325511/b5520qt/entservices-infra-325511/USBMassStorage/USBMassStorage.h
2026-02-23 09:57:18,681 - Knowledge - INFO - Async storing batch of 5 embeddings
2026-02-23 09:57:18,693 - Knowledge - INFO - Async storing batch of 5 embeddings
2026-02-23 09:57:18,693 - Knowledge - INFO - Async storing batch of 5 embeddings
2026-02-23 09:57:18,699 - Knowledge - INFO - Async storing batch of 5 embeddings
2026-02-23 09:57:18,706 - Knowledge - INFO - Async storing batch of 5 embeddings
2026-02-23 09:57:18,754 - Knowledge - INFO - Worker kw16 processing /app/data/T0015/325511/b5520qt/entservices-infra-325511/LifecycleManager/Module.cpp
2026-02-23 09:57:18,866 - Knowledge - INFO - Worker kw7 processing /app/data/T0015/325511/b5520qt/entservices-infra-325511/LifecycleManager/IEventHandler.h
2026-02-23 09:57:19,016 - Knowledge - INFO - Fast-tracked /app/data/T0015/325511/b5520qt/entservices-infra-325511/LifecycleManager/StateTransitionRequest.h (ext=.h, size=676)
2026-02-23 09:57:19,140 - Knowledge - INFO - Async storing batch of 6 embeddings
2026-02-23 09:57:19,409 - Knowledge - INFO - Worker kw10 processing /app/data/T0015/325511/b5520qt/entservices-infra-325511/AppNotifications/AppNotificationsImplementation.cpp
2026-02-23 09:57:19,458 - Knowledge - INFO - Worker kw15 processing /app/data/T0015/325511/b5520qt/entservices-infra-325511/AppNotifications/Module.cpp
2026-02-23 09:57:19,516 - Knowledge - INFO - [kw12] Queue=43, InProgress=0, PendingWorkers=20/20, Completed=351/475 (73.9%)
2026-02-23 09:57:19,549 - Knowledge - INFO - Worker kw2 processing /app/data/T0015/325511/b5520qt/entservices-infra-325511/WebBridge/CMakeLists.txt
2026-02-23 09:57:19,649 - Knowledge - INFO - Async storage completed for 5 embeddings
2026-02-23 09:57:19,743 - Knowledge - INFO - Worker kw9 processing /app/data/T0015/325511/b5520qt/entservices-infra-325511/WebBridge/js/WebBridgeClient.js
2026-02-23 09:57:19,879 - Knowledge - INFO - Worker kw5 processing /app/data/T0015/325511/b5520qt/entservices-infra-325511/PackageManager/HttpClient.cpp
2026-02-23 09:57:20,131 - Knowledge - INFO - Fast-tracked /app/data/T0015/325511/b5520qt/entservices-infra-325511/LifecycleManager/Module.cpp (ext=.cpp, size=765)
2026-02-23 09:57:20,363 - Knowledge - INFO - Fast-tracked /app/data/T0015/325511/b5520qt/entservices-infra-325511/LifecycleManager/IEventHandler.h (ext=.h, size=1207)
2026-02-23 09:57:20,445 - Knowledge - INFO - Worker kw8 processing /app/data/T0015/325511/b5520qt/entservices-infra-325511/LifecycleManager/StateTransitionHandler.cpp
2026-02-23 09:57:20,612 - Knowledge - INFO - Worker kw3 processing /app/data/T0015/325511/b5520qt/entservices-infra-325511/PackageManager/PackageManagerImplementation.cpp
2026-02-23 09:57:20,675 - Knowledge - INFO - [LLM_CALL] Completed: AppGatewayImplementation.h:chunk1, Duration: 10555ms, PromptTokens: 3170, CompletionTokens: 559, Cost: $0.00054
2026-02-23 09:57:20,814 - Knowledge - INFO - Worker kw10 processing /app/data/T0015/325511/b5520qt/entservices-infra-325511/AppNotifications/CMakeLists.txt
2026-02-23 09:57:21,280 - Knowledge - INFO - Fast-tracked /app/data/T0015/325511/b5520qt/entservices-infra-325511/AppNotifications/Module.cpp (ext=.cpp, size=763)
2026-02-23 09:57:21,402 - Knowledge - INFO - Batch sizing: calculated=4, max_allowed=10, queue=43, active_workers=20/20
2026-02-23 09:57:21,672 - Knowledge - INFO - Fast-tracked /app/data/T0015/325511/b5520qt/entservices-infra-325511/WebBridge/CMakeLists.txt (ext=.txt, size=1404)
2026-02-23 09:57:21,918 - Knowledge - INFO - Fast-tracked /app/data/T0015/325511/b5520qt/entservices-infra-325511/WebBridge/js/WebBridgeClient.js (ext=.js, size=1120)
2026-02-23 09:57:22,023 - Knowledge - INFO - Worker kw5 processing /app/data/T0015/325511/b5520qt/entservices-infra-325511/PackageManager/PackageManager.cpp
2026-02-23 09:57:22,178 - Knowledge - INFO - Worker kw16 processing /app/data/T0015/325511/b5520qt/entservices-infra-325511/LifecycleManager/CHANGELOG.md
2026-02-23 09:57:22,310 - Knowledge - INFO - Worker kw7 processing /app/data/T0015/325511/b5520qt/entservices-infra-325511/AppNotifications/Module.h
2026-02-23 09:57:22,422 - Knowledge - INFO - Worker kw8 processing /app/data/T0015/325511/b5520qt/entservices-infra-325511/LifecycleManager/LifecycleManagerImplementation.h
2026-02-23 09:57:22,541 - Knowledge - INFO - Worker kw3 processing /app/data/T0015/325511/b5520qt/entservices-infra-325511/PackageManager/cmake/FindCurl.cmake
2026-02-23 09:57:22,719 - Knowledge - INFO - done ingest for /app/data/T0015/325511/b5520qt/entservices-infra-325511/AppGateway/AppGatewayImplementation.h
2026-02-23 09:57:22,874 - Knowledge - INFO - Fast-tracked /app/data/T0015/325511/b5520qt/entservices-infra-325511/AppNotifications/CMakeLists.txt (ext=.txt, size=2402)
2026-02-23 09:57:22,941 - Knowledge - INFO - Fast-tracked /app/data/T0015/325511/b5520qt/entservices-infra-325511/LifecycleManager/StateHandler.h (small file (2544 bytes))
2026-02-23 09:57:23,003 - Knowledge - INFO - Worker kw15 processing /app/data/T0015/325511/b5520qt/entservices-infra-325511/AppNotifications/AppNotificationsImplementation.h
2026-02-23 09:57:23,125 - Knowledge - INFO - Async storing batch of 5 embeddings
2026-02-23 09:57:23,209 - Knowledge - INFO - Worker kw2 processing /app/data/T0015/325511/b5520qt/entservices-infra-325511/WebBridge/WebBridge.h
2026-02-23 09:57:23,309 - Knowledge - INFO - Worker kw9 processing /app/data/T0015/325511/b5520qt/entservices-infra-325511/WebBridge/js/WebBridgeServer.js
2026-02-23 09:57:23,465 - Knowledge - INFO - Worker kw5 processing /app/data/T0015/325511/b5520qt/entservices-infra-325511/PackageManager/Module.h
2026-02-23 09:57:23,624 - Knowledge - INFO - Fast-tracked /app/data/T0015/325511/b5520qt/entservices-infra-325511/LifecycleManager/CHANGELOG.md (ext=.md, size=1015)
2026-02-23 09:57:23,808 - Knowledge - INFO - Fast-tracked /app/data/T0015/325511/b5520qt/entservices-infra-325511/AppNotifications/Module.h (ext=.h, size=878)
2026-02-23 09:57:23,942 - Knowledge - INFO - Async storage completed for 5 embeddings
2026-02-23 09:57:24,178 - Knowledge - INFO - Fast-tracked /app/data/T0015/325511/b5520qt/entservices-infra-325511/PackageManager/cmake/FindCurl.cmake (ext=.cmake, size=816)
2026-02-23 09:57:24,441 - Knowledge - INFO - Worker kw10 processing /app/data/T0015/325511/b5520qt/entservices-infra-325511/AppNotifications/AppNotifications.h
2026-02-23 09:57:24,546 - Knowledge - INFO - [LLM_CALL] Completed: USBMassStorageImplementation.h:chunk1, Duration: 21170ms, PromptTokens: 3784, CompletionTokens: 720, Cost: $0.00067
2026-02-23 09:57:24,601 - Knowledge - INFO - Fast-tracked /app/data/T0015/325511/b5520qt/entservices-infra-325511/LifecycleManager/RequestHandler.h (small file (2292 bytes))
2026-02-23 09:57:24,680 - Knowledge - INFO - Worker kw15 processing /app/data/T0015/325511/b5520qt/entservices-infra-325511/WebBridge/Module.h
2026-02-23 09:57:24,774 - Knowledge - INFO - Worker kw12 processing /app/data/T0015/325511/b5520qt/entservices-infra-325511/PackageManager/PackageManager.h
2026-02-23 09:57:24,877 - Knowledge - INFO - Worker kw2 processing /app/data/T0015/325511/b5520qt/entservices-infra-325511/WebBridge/js/WebBridgeSDK.js
2026-02-23 09:57:24,981 - Knowledge - INFO - Fast-tracked /app/data/T0015/325511/b5520qt/entservices-infra-325511/WebBridge/js/WebBridgeServer.js (ext=.js, size=1500)
2026-02-23 09:57:25,176 - Knowledge - INFO - Fast-tracked /app/data/T0015/325511/b5520qt/entservices-infra-325511/PackageManager/Module.h (ext=.h, size=905)
2026-02-23 09:57:25,297 - Knowledge - INFO - Worker kw16 processing /app/data/T0015/325511/b5520qt/entservices-infra-325511/LifecycleManager/State.h
2026-02-23 09:57:25,388 - Knowledge - INFO - Worker kw7 processing /app/data/T0015/325511/b5520qt/entservices-infra-325511/AppNotifications/AppNotifications.cpp
2026-02-23 09:57:25,703 - Knowledge - INFO - Worker kw3 processing /app/data/T0015/325511/b5520qt/entservices-infra-325511/PackageManager/cmake/FindJsonCpp.cmake
2026-02-23 09:57:25,889 - Knowledge - INFO - Worker kw10 processing /app/data/T0015/325511/b5520qt/entservices-infra-325511/AppNotifications/tests/CurlCmds.md
2026-02-23 09:57:25,989 - Knowledge - INFO - done ingest for /app/data/T0015/325511/b5520qt/entservices-infra-325511/USBMassStorage/USBMassStorageImplementation.h
2026-02-23 09:57:25,990 - Knowledge - INFO - [LLM_CALL] Completed: AppGatewayResponderImplementation.h:chunk1, Duration: 17607ms, PromptTokens: 5812, CompletionTokens: 562, Cost: $0.00081
2026-02-23 09:57:26,024 - Knowledge - INFO - Async storage completed for 5 embeddings
2026-02-23 09:57:26,090 - Knowledge - INFO - Async storage completed for 6 embeddings
2026-02-23 09:57:26,179 - Knowledge - INFO - Fast-tracked /app/data/T0015/325511/b5520qt/entservices-infra-325511/WebBridge/Module.h (ext=.h, size=860)
2026-02-23 09:57:26,278 - Knowledge - INFO - Worker kw12 processing /app/data/T0015/325511/b5520qt/entservices-infra-325511/PackageManager/PackageManagerImplementation.h
2026-02-23 09:57:26,411 - Knowledge - INFO - Worker kw2 processing /app/data/T0015/325511/b5520qt/entservices-infra-325511/WebBridge/js/calc_server.html
2026-02-23 09:57:26,564 - Knowledge - INFO - Worker kw9 processing /app/data/T0015/325511/b5520qt/entservices-infra-325511/WebBridge/Module.cpp
2026-02-23 09:57:26,723 - Knowledge - INFO - Worker kw5 processing /app/data/T0015/325511/b5520qt/entservices-infra-325511/PackageManager/CMakeLists.txt
2026-02-23 09:57:26,867 - Knowledge - INFO - Fast-tracked /app/data/T0015/325511/b5520qt/entservices-infra-325511/LifecycleManager/WindowManagerHandler.h (small file (2919 bytes))
2026-02-23 09:57:27,095 - Knowledge - INFO - Fast-tracked /app/data/T0015/325511/b5520qt/entservices-infra-325511/PackageManager/cmake/FindJsonCpp.cmake (ext=.cmake, size=892)
2026-02-23 09:57:27,203 - Knowledge - INFO - Fast-tracked /app/data/T0015/325511/b5520qt/entservices-infra-325511/AppNotifications/tests/CurlCmds.md (ext=.md, size=817)
2026-02-23 09:57:27,442 - Knowledge - INFO - done ingest for /app/data/T0015/325511/b5520qt/entservices-infra-325511/AppGateway/AppGatewayResponderImplementation.h
2026-02-23 09:57:27,453 - Knowledge - INFO - [LLM_CALL] Completed: Telemetry.cpp:chunk1, Duration: 19069ms, PromptTokens: 3218, CompletionTokens: 461, Cost: $0.00051
2026-02-23 09:57:27,829 - Knowledge - INFO - Worker kw15 processing /app/data/T0015/325511/b5520qt/entservices-infra-325511/WebBridge/WebBridge.cpp
2026-02-23 09:57:27,984 - Knowledge - INFO - Worker kw12 processing /app/data/T0015/325511/b5520qt/entservices-infra-325511/PackageManager/Module.cpp
2026-02-23 09:57:28,093 - Knowledge - INFO - Fast-tracked /app/data/T0015/325511/b5520qt/entservices-infra-325511/WebBridge/js/calc_server.html (ext=.html, size=1241)
2026-02-23 09:57:28,212 - Knowledge - INFO - Fast-tracked /app/data/T0015/325511/b5520qt/entservices-infra-325511/WebBridge/Module.cpp (ext=.cpp, size=780)
2026-02-23 09:57:28,328 - Knowledge - INFO - Fast-tracked /app/data/T0015/325511/b5520qt/entservices-infra-325511/PackageManager/CMakeLists.txt (ext=.txt, size=3442)
2026-02-23 09:57:28,507 - Knowledge - INFO - Worker kw3 processing /app/data/T0015/325511/b5520qt/entservices-infra-325511/PackageManager/HttpClient.h
2026-02-23 09:57:28,705 - Knowledge - INFO - Async storage completed for 5 embeddings
2026-02-23 09:57:28,950 - Knowledge - INFO - done ingest for /app/data/T0015/325511/b5520qt/entservices-infra-325511/Telemetry/Telemetry.cpp
2026-02-23 09:57:29,226 - Knowledge - INFO - Processing batch of 5 files
2026-02-23 09:57:29,283 - Knowledge - INFO - Fast-tracked /app/data/T0015/325511/b5520qt/entservices-infra-325511/PackageManager/Module.cpp (ext=.cpp, size=765)
2026-02-23 09:57:29,545 - Knowledge - INFO - Worker kw9 processing /app/data/T0015/325511/b5520qt/entservices-infra-325511/WebBridge/CHANGELOG.md
2026-02-23 09:57:30,224 - Knowledge - INFO - process ingested knowledge for /app/data/T0015/325511/b5520qt/entservices-infra-325511/AppGateway/tests/CurlCmds.md
2026-02-23 09:57:30,402 - Knowledge - INFO - Worker kw12 processing /app/data/T0015/325511/b5520qt/entservices-infra-325511/CONTRIBUTING.md
2026-02-23 09:57:30,690 - Knowledge - INFO - Fast-tracked /app/data/T0015/325511/b5520qt/entservices-infra-325511/WebBridge/CHANGELOG.md (ext=.md, size=1015)
2026-02-23 09:57:30,757 - Knowledge - INFO - process ingested knowledge for /app/data/T0015/325511/b5520qt/entservices-infra-325511/AppGateway/Module.cpp
2026-02-23 09:57:31,144 - Knowledge - INFO - Fast-tracked /app/data/T0015/325511/b5520qt/entservices-infra-325511/CONTRIBUTING.md (ext=.md, size=267)
2026-02-23 09:57:31,338 - Knowledge - INFO - Async storage completed for 5 embeddings
2026-02-23 09:57:31,475 - Knowledge - INFO - process ingested knowledge for /app/data/T0015/325511/b5520qt/entservices-infra-325511/AppGateway/resolutions/resolution.base.json
2026-02-23 09:57:32,426 - Knowledge - INFO - process ingested knowledge for /app/data/T0015/325511/b5520qt/entservices-infra-325511/AppGateway/AppGatewayImplementation.h
2026-02-23 09:57:32,816 - Knowledge - INFO - process ingested knowledge for /app/data/T0015/325511/b5520qt/entservices-infra-325511/Telemetry/Module.h
2026-02-23 09:57:33,023 - Knowledge - INFO - Processing batch of 4 files
2026-02-23 09:57:33,283 - Knowledge - INFO - process ingested knowledge for /app/data/T0015/325511/b5520qt/entservices-infra-325511/WebBridge/js/WebBridgeClient.js
2026-02-23 09:57:33,945 - Knowledge - INFO - process ingested knowledge for /app/data/T0015/325511/b5520qt/entservices-infra-325511/WebBridge/js/WebBridgeServer.js
2026-02-23 09:57:34,648 - Knowledge - INFO - process ingested knowledge for /app/data/T0015/325511/b5520qt/entservices-infra-325511/WebBridge/Module.cpp
2026-02-23 09:57:35,434 - Knowledge - INFO - process ingested knowledge for /app/data/T0015/325511/b5520qt/entservices-infra-325511/WebBridge/CHANGELOG.md
2026-02-23 09:57:36,086 - Knowledge - INFO - [LLM_CALL] Completed: LifecycleManagerTelemetryReporting.cpp:chunk1, Duration: 19936ms, PromptTokens: 4052, CompletionTokens: 559, Cost: $0.00063
2026-02-23 09:57:36,385 - Knowledge - INFO - done ingest for /app/data/T0015/325511/b5520qt/entservices-infra-325511/LifecycleManager/LifecycleManagerTelemetryReporting.cpp
2026-02-23 09:57:36,922 - Knowledge - INFO - [LLM_CALL] Completed: Telemetry.h:chunk1, Duration: 21981ms, PromptTokens: 2258, CompletionTokens: 437, Cost: $0.00040
2026-02-23 09:57:37,236 - Knowledge - INFO - done ingest for /app/data/T0015/325511/b5520qt/entservices-infra-325511/Telemetry/Telemetry.h
2026-02-23 09:57:37,568 - Knowledge - INFO - [WEBSOCKET] Sent: Type=progress_update, Size: 293, Duration: 0ms
2026-02-23 09:57:38,059 - Knowledge - INFO - [WEBSOCKET] Sent: Type=unknown, Size: ?, Duration: 491ms
2026-02-23 09:57:38,453 - Knowledge - INFO - Progress: 76.0% | Files: 361/475 | Rate: 1.27 files/sec | Queue: 39
2026-02-23 09:57:39,091 - Knowledge - INFO - [LLM_CALL] Completed: TelemetryImplementation.cpp:chunk1, Duration: 27757ms, PromptTokens: 9314, CompletionTokens: 741, Cost: $0.00123
2026-02-23 09:57:39,107 - Knowledge - INFO - [kw14] Queue=39, InProgress=0, PendingWorkers=20/20, Completed=364/475 (76.6%)
2026-02-23 09:57:39,387 - Knowledge - INFO - done ingest for /app/data/T0015/325511/b5520qt/entservices-infra-325511/Telemetry/TelemetryImplementation.cpp
2026-02-23 09:57:39,403 - Knowledge - INFO - Processing batch of 4 files
2026-02-23 09:57:39,409 - Knowledge - INFO - [kw9] Queue=39, InProgress=0, PendingWorkers=20/20, Completed=364/475 (76.6%)
2026-02-23 09:57:39,477 - Knowledge - INFO - Batch sizing: calculated=4, max_allowed=10, queue=39, active_workers=20/20
2026-02-23 09:57:39,780 - Knowledge - INFO - process ingested knowledge for /app/data/T0015/325511/b5520qt/entservices-infra-325511/LifecycleManager/LifecycleManagerTelemetryReporting.cpp
2026-02-23 09:57:40,007 - Knowledge - INFO - Batch sizing: calculated=4, max_allowed=10, queue=39, active_workers=20/20
2026-02-23 09:57:40,197 - Knowledge - INFO - Async storing batch of 5 embeddings
2026-02-23 09:57:40,430 - Knowledge - INFO - process ingested knowledge for /app/data/T0015/325511/b5520qt/entservices-infra-325511/LifecycleManager/StateHandler.h
2026-02-23 09:57:40,485 - Knowledge - INFO - Processing batch of 5 files
2026-02-23 09:57:40,593 - Knowledge - INFO - Async storing batch of 4 embeddings
2026-02-23 09:57:40,782 - Knowledge - INFO - Worker kw14 processing /app/data/T0015/325511/b5520qt/entservices-infra-325511/CHANGELOG.md
2026-02-23 09:57:40,945 - Knowledge - INFO - process ingested knowledge for /app/data/T0015/325511/b5520qt/entservices-infra-325511/LifecycleManager/RequestHandler.h
2026-02-23 09:57:41,464 - Knowledge - INFO - process ingested knowledge for /app/data/T0015/325511/b5520qt/entservices-infra-325511/Telemetry/Telemetry.cpp
2026-02-23 09:57:41,581 - Knowledge - INFO - Worker kw9 processing /app/data/T0015/325511/b5520qt/entservices-infra-325511/RustAdapter/Module.h
2026-02-23 09:57:41,885 - Knowledge - INFO - Fast-tracked /app/data/T0015/325511/b5520qt/entservices-infra-325511/CHANGELOG.md (ext=.md, size=96694)
2026-02-23 09:57:41,917 - Knowledge - INFO - process ingested knowledge for /app/data/T0015/325511/b5520qt/entservices-infra-325511/LifecycleManager/README.md
2026-02-23 09:57:42,193 - Knowledge - INFO - [LLM_CALL] Completed: AppGateway.cpp:chunk1, Duration: 33809ms, PromptTokens: 3150, CompletionTokens: 499, Cost: $0.00051
2026-02-23 09:57:42,205 - Knowledge - INFO - process ingested knowledge for /app/data/T0015/325511/b5520qt/entservices-infra-325511/Telemetry/TelemetryImplementation.cpp
2026-02-23 09:57:42,451 - Knowledge - INFO - Fast-tracked /app/data/T0015/325511/b5520qt/entservices-infra-325511/RustAdapter/Module.h (ext=.h, size=862)
2026-02-23 09:57:42,545 - Knowledge - INFO - Worker kw14 processing /app/data/T0015/325511/b5520qt/entservices-infra-325511/build_dependencies.sh
2026-02-23 09:57:42,992 - Knowledge - INFO - done ingest for /app/data/T0015/325511/b5520qt/entservices-infra-325511/AppGateway/AppGateway.cpp
2026-02-23 09:57:43,788 - Knowledge - INFO - process ingested knowledge for /app/data/T0015/325511/b5520qt/entservices-infra-325511/Telemetry/CMakeLists.txt
2026-02-23 09:57:43,852 - Knowledge - INFO - Worker kw9 processing /app/data/T0015/325511/b5520qt/entservices-infra-325511/RustAdapter/RemotePlugin.cpp
2026-02-23 09:57:43,945 - Knowledge - INFO - Fast-tracked /app/data/T0015/325511/b5520qt/entservices-infra-325511/AppNotifications/AppNotifications.h (small file (2820 bytes))
2026-02-23 09:57:44,034 - Knowledge - INFO - Worker kw14 processing /app/data/T0015/325511/b5520qt/entservices-infra-325511/RustAdapter/RustAdapter.cpp
2026-02-23 09:57:44,445 - Knowledge - INFO - Async storage completed for 5 embeddings
2026-02-23 09:57:44,587 - Knowledge - INFO - Worker kw9 processing /app/data/T0015/325511/b5520qt/entservices-infra-325511/RustAdapter/SocketServer.h
2026-02-23 09:57:44,711 - Knowledge - INFO - Async storage completed for 5 embeddings
2026-02-23 09:57:44,801 - Knowledge - INFO - [LLM_CALL] Completed: RequestHandler.cpp:chunk1, Duration: 29859ms, PromptTokens: 2506, CompletionTokens: 734, Cost: $0.00054
2026-02-23 09:57:44,953 - Knowledge - INFO - process ingested knowledge for /app/data/T0015/325511/b5520qt/entservices-infra-325511/Telemetry/Telemetry.h
2026-02-23 09:57:45,012 - Knowledge - INFO - Fast-tracked /app/data/T0015/325511/b5520qt/entservices-infra-325511/PackageManager/HttpClient.h (small file (2367 bytes))
2026-02-23 09:57:45,047 - Knowledge - INFO - Worker kw14 processing /app/data/T0015/325511/b5520qt/entservices-infra-325511/RustAdapter/LocalPlugin.h
2026-02-23 09:57:45,324 - Knowledge - INFO - Fast-tracked /app/data/T0015/325511/b5520qt/entservices-infra-325511/RustAdapter/SocketServer.h (ext=.h, size=1664)
2026-02-23 09:57:45,588 - Knowledge - INFO - done ingest for /app/data/T0015/325511/b5520qt/entservices-infra-325511/LifecycleManager/RequestHandler.cpp
2026-02-23 09:57:45,648 - Knowledge - INFO - [LLM_CALL] Completed: TelemetryImplementation.h:chunk1, Duration: 31859ms, PromptTokens: 3858, CompletionTokens: 955, Cost: $0.00077
2026-02-23 09:57:45,716 - Knowledge - INFO - process ingested knowledge for /app/data/T0015/325511/b5520qt/entservices-infra-325511/Telemetry/README.md
2026-02-23 09:57:45,845 - Knowledge - INFO - Async storage completed for 6 embeddings
2026-02-23 09:57:46,188 - Knowledge - INFO - Worker kw9 processing /app/data/T0015/325511/b5520qt/entservices-infra-325511/RustAdapter/Logger.h
2026-02-23 09:57:46,406 - Knowledge - INFO - done ingest for /app/data/T0015/325511/b5520qt/entservices-infra-325511/Telemetry/TelemetryImplementation.h
2026-02-23 09:57:46,465 - Knowledge - INFO - [kw6] Queue=31, InProgress=0, PendingWorkers=20/20, Completed=369/475 (77.7%)
2026-02-23 09:57:46,466 - Knowledge - INFO - Async storage completed for 5 embeddings
2026-02-23 09:57:46,815 - Knowledge - INFO - Fast-tracked /app/data/T0015/325511/b5520qt/entservices-infra-325511/RustAdapter/Logger.h (ext=.h, size=1519)
2026-02-23 09:57:47,062 - Knowledge - INFO - Batch sizing: calculated=4, max_allowed=10, queue=31, active_workers=20/20
2026-02-23 09:57:47,847 - Knowledge - INFO - Async storing batch of 4 embeddings
2026-02-23 09:57:47,871 - Knowledge - INFO - [LLM_CALL] Completed: LifecycleManager.cpp:chunk1, Duration: 27483ms, PromptTokens: 2968, CompletionTokens: 520, Cost: $0.00050
2026-02-23 09:57:48,131 - Knowledge - INFO - Worker kw6 processing /app/data/T0015/325511/b5520qt/entservices-infra-325511/RustAdapter/CMakeLists.txt
2026-02-23 09:57:48,317 - Knowledge - INFO - done ingest for /app/data/T0015/325511/b5520qt/entservices-infra-325511/LifecycleManager/LifecycleManager.cpp
2026-02-23 09:57:48,509 - Knowledge - INFO - Fast-tracked /app/data/T0015/325511/b5520qt/entservices-infra-325511/RustAdapter/CMakeLists.txt (ext=.txt, size=1478)
2026-02-23 09:57:48,956 - Knowledge - INFO - Worker kw6 processing /app/data/T0015/325511/b5520qt/entservices-infra-325511/RustAdapter/RemotePlugin.h
2026-02-23 09:57:49,197 - Knowledge - INFO - Worker kw6 processing /app/data/T0015/325511/b5520qt/entservices-infra-325511/RustAdapter/SocketServer.cpp
2026-02-23 09:57:49,489 - Knowledge - INFO - [LLM_CALL] Completed: LifecycleManager.h:chunk1, Duration: 24992ms, PromptTokens: 2450, CompletionTokens: 488, Cost: $0.00044
2026-02-23 09:57:49,545 - Knowledge - INFO - Worker kw6 processing /app/data/T0015/325511/b5520qt/entservices-infra-325511/RustAdapter/RustAdapter.h
2026-02-23 09:57:49,862 - Knowledge - INFO - done ingest for /app/data/T0015/325511/b5520qt/entservices-infra-325511/LifecycleManager/LifecycleManager.h
2026-02-23 09:57:50,169 - Knowledge - INFO - [WEBSOCKET] Sent: Type=progress_update, Size: 293, Duration: 0ms
2026-02-23 09:57:50,661 - Knowledge - INFO - [LLM_CALL] Completed: StateHandler.cpp:chunk1, Duration: 34643ms, PromptTokens: 6794, CompletionTokens: 777, Cost: $0.00099
2026-02-23 09:57:50,961 - Knowledge - INFO - done ingest for /app/data/T0015/325511/b5520qt/entservices-infra-325511/LifecycleManager/StateHandler.cpp
2026-02-23 09:57:51,045 - Knowledge - INFO - [WEBSOCKET] Sent: Type=unknown, Size: ?, Duration: 876ms
2026-02-23 09:57:51,271 - Knowledge - INFO - Progress: 78.1% | Files: 373/475 | Rate: 1.26 files/sec | Queue: 27
2026-02-23 09:57:51,688 - Knowledge - INFO - [kw4] Queue=27, InProgress=0, PendingWorkers=20/20, Completed=374/475 (78.7%)
2026-02-23 09:57:51,996 - Knowledge - INFO - Batch sizing: calculated=4, max_allowed=10, queue=27, active_workers=20/20
2026-02-23 09:57:52,102 - Knowledge - INFO - Processing batch of 4 files
2026-02-23 09:57:52,229 - Knowledge - INFO - Processing batch of 4 files
2026-02-23 09:57:52,275 - Knowledge - INFO - Async storing batch of 5 embeddings
2026-02-23 09:57:52,300 - Knowledge - INFO - [LLM_CALL] Completed: AppGatewayImplementation.cpp:chunk1, Duration: 47026ms, PromptTokens: 10858, CompletionTokens: 1927, Cost: $0.00186
2026-02-23 09:57:52,402 - Knowledge - INFO - process ingested knowledge for /app/data/T0015/325511/b5520qt/entservices-infra-325511/LifecycleManager/StateTransitionHandler.h
2026-02-23 09:57:52,635 - Knowledge - INFO - process ingested knowledge for /app/data/T0015/325511/b5520qt/entservices-infra-325511/Telemetry/Module.cpp
2026-02-23 09:57:52,970 - Knowledge - INFO - Worker kw4 processing /app/data/T0015/325511/b5520qt/entservices-infra-325511/RustAdapter/RustPlugin.h
2026-02-23 09:57:53,133 - Knowledge - INFO - done ingest for /app/data/T0015/325511/b5520qt/entservices-infra-325511/AppGateway/AppGatewayImplementation.cpp
2026-02-23 09:57:53,340 - Knowledge - INFO - process ingested knowledge for /app/data/T0015/325511/b5520qt/entservices-infra-325511/LifecycleManager/RequestHandler.cpp
2026-02-23 09:57:53,474 - Knowledge - INFO - process ingested knowledge for /app/data/T0015/325511/b5520qt/entservices-infra-325511/Telemetry/TelemetryImplementation.h
2026-02-23 09:57:53,745 - Knowledge - INFO - Fast-tracked /app/data/T0015/325511/b5520qt/entservices-infra-325511/RustAdapter/RustPlugin.h (ext=.h, size=982)
2026-02-23 09:57:53,979 - Knowledge - INFO - process ingested knowledge for /app/data/T0015/325511/b5520qt/entservices-infra-325511/LifecycleManager/Module.h
2026-02-23 09:57:54,144 - Knowledge - INFO - process ingested knowledge for /app/data/T0015/325511/b5520qt/entservices-infra-325511/Telemetry/CHANGELOG.md
2026-02-23 09:57:54,256 - Knowledge - INFO - [LLM_CALL] Completed: RuntimeManagerHandler.cpp:chunk1, Duration: 37502ms, PromptTokens: 4986, CompletionTokens: 819, Cost: $0.00083
2026-02-23 09:57:54,403 - Knowledge - INFO - Worker kw4 processing /app/data/T0015/325511/b5520qt/entservices-infra-325511/RustAdapter/LocalPlugin.cpp
2026-02-23 09:57:54,746 - Knowledge - INFO - process ingested knowledge for /app/data/T0015/325511/b5520qt/entservices-infra-325511/LifecycleManager/LifecycleManager.cpp
2026-02-23 09:57:54,916 - Knowledge - INFO - process ingested knowledge for /app/data/T0015/325511/b5520qt/entservices-infra-325511/LifecycleManager/StateHandler.cpp
2026-02-23 09:57:55,064 - Knowledge - INFO - done ingest for /app/data/T0015/325511/b5520qt/entservices-infra-325511/LifecycleManager/RuntimeManagerHandler.cpp
2026-02-23 09:57:55,222 - Knowledge - INFO - Worker kw4 processing /app/data/T0015/325511/b5520qt/entservices-infra-325511/RustAdapter/Module.cpp
2026-02-23 09:57:56,000 - Knowledge - INFO - Fast-tracked /app/data/T0015/325511/b5520qt/entservices-infra-325511/RustAdapter/Module.cpp (ext=.cpp, size=780)
2026-02-23 09:57:56,248 - Knowledge - INFO - Worker kw4 processing /app/data/T0015/325511/b5520qt/entservices-infra-325511/RustAdapter/CHANGELOG.md
2026-02-23 09:57:56,953 - Knowledge - INFO - Fast-tracked /app/data/T0015/325511/b5520qt/entservices-infra-325511/RustAdapter/CHANGELOG.md (ext=.md, size=1015)
2026-02-23 09:57:57,212 - Knowledge - INFO - Async storage completed for 5 embeddings
2026-02-23 09:57:58,142 - Knowledge - INFO - Async storage completed for 5 embeddings
2026-02-23 09:57:58,580 - Knowledge - INFO - [LLM_CALL] Completed: State.h:chunk1, Duration: 29606ms, PromptTokens: 2338, CompletionTokens: 757, Cost: $0.00054
2026-02-23 09:57:58,670 - Knowledge - INFO - Async storage completed for 5 embeddings
2026-02-23 09:57:58,791 - Knowledge - INFO - Async storage completed for 5 embeddings
2026-02-23 09:57:58,794 - Knowledge - INFO - done ingest for /app/data/T0015/325511/b5520qt/entservices-infra-325511/LifecycleManager/State.h
2026-02-23 09:57:59,079 - Knowledge - INFO - Processing batch of 4 files
2026-02-23 09:57:59,475 - Knowledge - INFO - process ingested knowledge for /app/data/T0015/325511/b5520qt/entservices-infra-325511/LifecycleManager/LifecycleManagerTelemetryReporting.h
2026-02-23 09:57:59,682 - Knowledge - INFO - [WEBSOCKET] Sent: Type=progress_update, Size: 293, Duration: 0ms
2026-02-23 09:57:59,763 - Knowledge - INFO - process ingested knowledge for /app/data/T0015/325511/b5520qt/entservices-infra-325511/LifecycleManager/RuntimeManagerHandler.cpp
2026-02-23 09:57:59,949 - Knowledge - INFO - [kw11] Queue=23, InProgress=0, PendingWorkers=20/20, Completed=382/475 (80.4%)
2026-02-23 09:57:59,966 - Knowledge - INFO - [WEBSOCKET] Sent: Type=unknown, Size: ?, Duration: 284ms
2026-02-23 09:58:00,219 - Knowledge - INFO - process ingested knowledge for /app/data/T0015/325511/b5520qt/entservices-infra-325511/LifecycleManager/CMakeLists.txt
2026-02-23 09:58:00,310 - Knowledge - INFO - Batch sizing: calculated=4, max_allowed=10, queue=23, active_workers=20/20
2026-02-23 09:58:00,569 - Knowledge - INFO - Progress: 80.4% | Files: 382/475 | Rate: 1.25 files/sec | Queue: 23
2026-02-23 09:58:00,684 - Knowledge - INFO - process ingested knowledge for /app/data/T0015/325511/b5520qt/entservices-infra-325511/LifecycleManager/LifecycleManager.h
2026-02-23 09:58:00,831 - Knowledge - INFO - Async storing batch of 4 embeddings
2026-02-23 09:58:00,944 - Knowledge - INFO - Processing batch of 4 files
2026-02-23 09:58:01,045 - Knowledge - INFO - [kw1] Queue=19, InProgress=0, PendingWorkers=20/20, Completed=385/475 (81.1%)
2026-02-23 09:58:01,371 - Knowledge - INFO - Worker kw11 processing /app/data/T0015/325511/b5520qt/entservices-infra-325511/RuntimeManager/RuntimeManager.cpp
2026-02-23 09:58:01,424 - Knowledge - INFO - Async storage completed for 5 embeddings
2026-02-23 09:58:01,717 - Knowledge - INFO - process ingested knowledge for /app/data/T0015/325511/b5520qt/entservices-infra-325511/LifecycleManager/WindowManagerHandler.h
2026-02-23 09:58:02,048 - Knowledge - INFO - Batch sizing: calculated=4, max_allowed=10, queue=19, active_workers=20/20
2026-02-23 09:58:02,199 - Knowledge - INFO - Worker kw11 processing /app/data/T0015/325511/b5520qt/entservices-infra-325511/RuntimeManager/UserIdManager.cpp
2026-02-23 09:58:02,731 - Knowledge - INFO - process ingested knowledge for /app/data/T0015/325511/b5520qt/entservices-infra-325511/LifecycleManager/Module.cpp
2026-02-23 09:58:02,765 - Knowledge - INFO - Async storing batch of 4 embeddings
2026-02-23 09:58:02,944 - Knowledge - INFO - Async storage completed for 5 embeddings
2026-02-23 09:58:03,149 - Knowledge - INFO - Fast-tracked /app/data/T0015/325511/b5520qt/entservices-infra-325511/RuntimeManager/UserIdManager.cpp (ext=.cpp, size=1647)
2026-02-23 09:58:03,454 - Knowledge - INFO - Async storage completed for 4 embeddings
2026-02-23 09:58:03,612 - Knowledge - INFO - Worker kw1 processing /app/data/T0015/325511/b5520qt/entservices-infra-325511/RuntimeManager/WindowManagerConnector.h
2026-02-23 09:58:03,728 - Knowledge - INFO - process ingested knowledge for /app/data/T0015/325511/b5520qt/entservices-infra-325511/LifecycleManager/CHANGELOG.md
2026-02-23 09:58:04,078 - Knowledge - INFO - Worker kw11 processing /app/data/T0015/325511/b5520qt/entservices-infra-325511/RuntimeManager/AIConfiguration.h
2026-02-23 09:58:04,592 - Knowledge - INFO - Worker kw1 processing /app/data/T0015/325511/b5520qt/entservices-infra-325511/RuntimeManager/Module.h
2026-02-23 09:58:04,898 - Knowledge - INFO - Worker kw11 processing /app/data/T0015/325511/b5520qt/entservices-infra-325511/RuntimeManager/DobbySpecGenerator.h
2026-02-23 09:58:05,006 - Knowledge - INFO - Fast-tracked /app/data/T0015/325511/b5520qt/entservices-infra-325511/RuntimeManager/Module.h (ext=.h, size=878)
2026-02-23 09:58:05,295 - Knowledge - INFO - process ingested knowledge for /app/data/T0015/325511/b5520qt/entservices-infra-325511/LifecycleManager/State.h
2026-02-23 09:58:05,595 - Knowledge - INFO - [kw18] Queue=15, InProgress=0, PendingWorkers=20/20, Completed=385/475 (81.1%)
2026-02-23 09:58:05,596 - Knowledge - INFO - Worker kw1 processing /app/data/T0015/325511/b5520qt/entservices-infra-325511/RuntimeManager/RialtoConnector.h
2026-02-23 09:58:05,670 - Knowledge - INFO - [LLM_CALL] Completed: AppNotificationsImplementation.cpp:chunk1, Duration: 36690ms, PromptTokens: 6120, CompletionTokens: 1128, Cost: $0.00106
2026-02-23 09:58:06,112 - Knowledge - INFO - Batch sizing: calculated=4, max_allowed=10, queue=15, active_workers=20/20
2026-02-23 09:58:06,339 - Knowledge - INFO - Worker kw1 processing /app/data/T0015/325511/b5520qt/entservices-infra-325511/RuntimeManager/ApplicationConfiguration.h
2026-02-23 09:58:06,477 - Knowledge - INFO - done ingest for /app/data/T0015/325511/b5520qt/entservices-infra-325511/AppNotifications/AppNotificationsImplementation.cpp
2026-02-23 09:58:06,857 - Knowledge - INFO - [LLM_CALL] Completed: Resolver.cpp:chunk1, Duration: 54475ms, PromptTokens: 5448, CompletionTokens: 1208, Cost: $0.00103
2026-02-23 09:58:06,897 - Knowledge - INFO - Async storage completed for 5 embeddings
2026-02-23 09:58:07,141 - Knowledge - INFO - Fast-tracked /app/data/T0015/325511/b5520qt/entservices-infra-325511/RuntimeManager/ApplicationConfiguration.h (ext=.h, size=1741)
2026-02-23 09:58:07,524 - Knowledge - INFO - done ingest for /app/data/T0015/325511/b5520qt/entservices-infra-325511/AppGateway/Resolver.cpp
2026-02-23 09:58:07,625 - Knowledge - INFO - [LLM_CALL] Completed: Resolver.h:chunk1, Duration: 62536ms, PromptTokens: 2382, CompletionTokens: 1550, Cost: $0.00086
2026-02-23 09:58:08,315 - Knowledge - INFO - Fast-tracked /app/data/T0015/325511/b5520qt/entservices-infra-325511/RuntimeManager/WindowManagerConnector.h (small file (2853 bytes))
2026-02-23 09:58:08,476 - Knowledge - INFO - done ingest for /app/data/T0015/325511/b5520qt/entservices-infra-325511/AppGateway/Resolver.h
2026-02-23 09:58:08,500 - Knowledge - INFO - Async storing batch of 4 embeddings
2026-02-23 09:58:08,783 - Knowledge - INFO - Fast-tracked /app/data/T0015/325511/b5520qt/entservices-infra-325511/RuntimeManager/RialtoConnector.h (small file (2424 bytes))
2026-02-23 09:58:09,151 - Knowledge - INFO - Worker kw18 processing /app/data/T0015/325511/b5520qt/entservices-infra-325511/RuntimeManager/RuntimeManagerImplementation.cpp
2026-02-23 09:58:09,438 - Knowledge - INFO - Async storage completed for 4 embeddings
2026-02-23 09:58:09,479 - Knowledge - INFO - [kw16] Queue=11, InProgress=0, PendingWorkers=20/20, Completed=391/475 (82.3%)
2026-02-23 09:58:09,733 - Knowledge - INFO - Worker kw18 processing /app/data/T0015/325511/b5520qt/entservices-infra-325511/RuntimeManager/DobbyEventListener.h
2026-02-23 09:58:10,629 - Knowledge - INFO - Processing batch of 4 files
2026-02-23 09:58:10,812 - Knowledge - INFO - Batch sizing: calculated=4, max_allowed=10, queue=11, active_workers=20/20
2026-02-23 09:58:10,893 - Knowledge - INFO - Processing batch of 5 files
2026-02-23 09:58:11,180 - Knowledge - INFO - process ingested knowledge for /app/data/T0015/325511/b5520qt/entservices-infra-325511/AppNotifications/AppNotificationsImplementation.cpp
2026-02-23 09:58:11,208 - Knowledge - INFO - Worker kw18 processing /app/data/T0015/325511/b5520qt/entservices-infra-325511/RuntimeManager/CMakeLists.txt
2026-02-23 09:58:11,436 - Knowledge - INFO - Async storing batch of 4 embeddings
2026-02-23 09:58:11,636 - Knowledge - INFO - process ingested knowledge for /app/data/T0015/325511/b5520qt/entservices-infra-325511/AppGateway/AppGatewayImplementation.cpp
2026-02-23 09:58:11,858 - Knowledge - INFO - process ingested knowledge for /app/data/T0015/325511/b5520qt/entservices-infra-325511/AppNotifications/CMakeLists.txt
2026-02-23 09:58:12,108 - Knowledge - INFO - Fast-tracked /app/data/T0015/325511/b5520qt/entservices-infra-325511/RuntimeManager/CMakeLists.txt (ext=.txt, size=5002)
2026-02-23 09:58:12,250 - Knowledge - INFO - Worker kw16 processing /app/data/T0015/325511/b5520qt/entservices-infra-325511/RuntimeManager/RuntimeManager.h
2026-02-23 09:58:12,273 - Knowledge - INFO - Processing batch of 4 files
2026-02-23 09:58:12,378 - Knowledge - INFO - process ingested knowledge for /app/data/T0015/325511/b5520qt/entservices-infra-325511/AppGateway/CMakeLists.txt
2026-02-23 09:58:12,623 - Knowledge - INFO - process ingested knowledge for /app/data/T0015/325511/b5520qt/entservices-infra-325511/AppNotifications/AppNotifications.h
2026-02-23 09:58:12,762 - Knowledge - INFO - Worker kw18 processing /app/data/T0015/325511/b5520qt/entservices-infra-325511/RuntimeManager/DobbyEventListener.cpp
2026-02-23 09:58:13,008 - Knowledge - INFO - Worker kw16 processing /app/data/T0015/325511/b5520qt/entservices-infra-325511/RuntimeManager/README.md
2026-02-23 09:58:13,105 - Knowledge - INFO - process ingested knowledge for /app/data/T0015/325511/b5520qt/entservices-infra-325511/RuntimeManager/WindowManagerConnector.h
2026-02-23 09:58:13,330 - Knowledge - INFO - process ingested knowledge for /app/data/T0015/325511/b5520qt/entservices-infra-325511/AppGateway/AppGatewayResponderImplementation.h
2026-02-23 09:58:13,520 - Knowledge - INFO - [LLM_CALL] Completed: StateTransitionHandler.cpp:chunk1, Duration: 44564ms, PromptTokens: 2240, CompletionTokens: 403, Cost: $0.00039
2026-02-23 09:58:13,530 - Knowledge - INFO - process ingested knowledge for /app/data/T0015/325511/b5520qt/entservices-infra-325511/AppNotifications/tests/CurlCmds.md
2026-02-23 09:58:13,968 - Knowledge - INFO - Fast-tracked /app/data/T0015/325511/b5520qt/entservices-infra-325511/RuntimeManager/README.md (ext=.md, size=142)
2026-02-23 09:58:14,083 - Knowledge - INFO - process ingested knowledge for /app/data/T0015/325511/b5520qt/entservices-infra-325511/RuntimeManager/Module.h
2026-02-23 09:58:14,363 - Knowledge - INFO - process ingested knowledge for /app/data/T0015/325511/b5520qt/entservices-infra-325511/AppGateway/AppGateway.h
2026-02-23 09:58:14,605 - Knowledge - INFO - done ingest for /app/data/T0015/325511/b5520qt/entservices-infra-325511/LifecycleManager/StateTransitionHandler.cpp
2026-02-23 09:58:14,964 - Knowledge - INFO - [LLM_CALL] Completed: ApplicationContext.h:chunk1, Duration: 47513ms, PromptTokens: 2520, CompletionTokens: 935, Cost: $0.00063
2026-02-23 09:58:15,002 - Knowledge - INFO - Worker kw16 processing /app/data/T0015/325511/b5520qt/entservices-infra-325511/RuntimeManager/UserIdManager.h
2026-02-23 09:58:15,572 - Knowledge - INFO - process ingested knowledge for /app/data/T0015/325511/b5520qt/entservices-infra-325511/RuntimeManager/RialtoConnector.h
2026-02-23 09:58:15,589 - Knowledge - INFO - process ingested knowledge for /app/data/T0015/325511/b5520qt/entservices-infra-325511/AppGateway/Resolver.cpp
2026-02-23 09:58:15,760 - Knowledge - INFO - done ingest for /app/data/T0015/325511/b5520qt/entservices-infra-325511/LifecycleManager/ApplicationContext.h
2026-02-23 09:58:15,981 - Knowledge - INFO - Fast-tracked /app/data/T0015/325511/b5520qt/entservices-infra-325511/RuntimeManager/UserIdManager.h (ext=.h, size=822)
2026-02-23 09:58:16,469 - Knowledge - INFO - Async storage completed for 5 embeddings
2026-02-23 09:58:16,622 - Knowledge - INFO - process ingested knowledge for /app/data/T0015/325511/b5520qt/entservices-infra-325511/RuntimeManager/ApplicationConfiguration.h
2026-02-23 09:58:16,750 - Knowledge - INFO - Worker kw16 processing /app/data/T0015/325511/b5520qt/entservices-infra-325511/RuntimeManager/AIConfiguration.cpp
2026-02-23 09:58:17,909 - Knowledge - INFO - Fast-tracked /app/data/T0015/325511/b5520qt/entservices-infra-325511/RuntimeManager/RuntimeManager.h (small file (2204 bytes))
2026-02-23 09:58:17,978 - Knowledge - INFO - Async storage completed for 4 embeddings
2026-02-23 09:58:18,943 - Knowledge - INFO - [LLM_CALL] Completed: PackageManager.h:chunk1, Duration: 46629ms, PromptTokens: 2568, CompletionTokens: 433, Cost: $0.00043
2026-02-23 09:58:19,427 - Knowledge - INFO - done ingest for /app/data/T0015/325511/b5520qt/entservices-infra-325511/PackageManager/PackageManager.h
2026-02-23 09:58:20,336 - Knowledge - INFO - [LLM_CALL] Completed: AppNotifications.cpp:chunk1, Duration: 49076ms, PromptTokens: 2694, CompletionTokens: 508, Cost: $0.00047
2026-02-23 09:58:20,813 - Knowledge - INFO - done ingest for /app/data/T0015/325511/b5520qt/entservices-infra-325511/AppNotifications/AppNotifications.cpp
2026-02-23 09:58:21,093 - Knowledge - INFO - [LLM_CALL] Completed: PackageManagerImplementation.cpp:chunk1, Duration: 51256ms, PromptTokens: 21942, CompletionTokens: 1728, Cost: $0.00289
2026-02-23 09:58:21,753 - Knowledge - INFO - done ingest for /app/data/T0015/325511/b5520qt/entservices-infra-325511/PackageManager/PackageManagerImplementation.cpp
2026-02-23 09:58:21,778 - Knowledge - INFO - [LLM_CALL] Completed: build_dependencies.sh:chunk1, Duration: 35325ms, PromptTokens: 4034, CompletionTokens: 59, Cost: $0.00043
2026-02-23 09:58:22,647 - Knowledge - INFO - done ingest for /app/data/T0015/325511/b5520qt/entservices-infra-325511/build_dependencies.sh
2026-02-23 09:58:24,271 - Knowledge - INFO - [WEBSOCKET] Sent: Type=progress_update, Size: 292, Duration: 0ms
2026-02-23 09:58:24,507 - Knowledge - INFO - Fast-tracked /app/data/T0015/325511/b5520qt/entservices-infra-325511/RuntimeManager/DobbyEventListener.h (small file (2683 bytes))
2026-02-23 09:58:24,861 - Knowledge - INFO - [LLM_CALL] Completed: AppNotificationsImplementation.h:chunk1, Duration: 55593ms, PromptTokens: 4690, CompletionTokens: 625, Cost: $0.00072
2026-02-23 09:58:25,249 - Knowledge - INFO - done ingest for /app/data/T0015/325511/b5520qt/entservices-infra-325511/AppNotifications/AppNotificationsImplementation.h
2026-02-23 09:58:25,282 - Knowledge - INFO - [WEBSOCKET] Sent: Type=unknown, Size: ?, Duration: 1012ms
2026-02-23 09:58:25,970 - Knowledge - INFO - Progress: 84.0% | Files: 400/475 | Rate: 1.21 files/sec | Queue: 7
2026-02-23 09:58:26,043 - Knowledge - INFO - [LLM_CALL] Completed: WebBridgeSDK.js:chunk1, Duration: 39620ms, PromptTokens: 3908, CompletionTokens: 629, Cost: $0.00064
2026-02-23 09:58:26,805 - Knowledge - INFO - done ingest for /app/data/T0015/325511/b5520qt/entservices-infra-325511/WebBridge/js/WebBridgeSDK.js
2026-02-23 09:58:27,009 - Knowledge - INFO - Async storage completed for 4 embeddings
2026-02-23 09:58:27,077 - Knowledge - INFO - [LLM_CALL] Completed: RemotePlugin.cpp:chunk1, Duration: 39459ms, PromptTokens: 4104, CompletionTokens: 792, Cost: $0.00073
2026-02-23 09:58:27,328 - Knowledge - INFO - [kw10] Queue=7, InProgress=0, PendingWorkers=20/20, Completed=401/475 (84.4%)
2026-02-23 09:58:27,806 - Knowledge - INFO - done ingest for /app/data/T0015/325511/b5520qt/entservices-infra-325511/RustAdapter/RemotePlugin.cpp
2026-02-23 09:58:27,872 - Knowledge - INFO - Async storage completed for 4 embeddings
2026-02-23 09:58:28,028 - Knowledge - INFO - Batch sizing: calculated=4, max_allowed=10, queue=7, active_workers=20/20
2026-02-23 09:58:28,208 - Knowledge - INFO - [LLM_CALL] Completed: LocalPlugin.cpp:chunk1, Duration: 30682ms, PromptTokens: 6018, CompletionTokens: 720, Cost: $0.00089
2026-02-23 09:58:28,240 - Knowledge - INFO - [kw13] Queue=7, InProgress=0, PendingWorkers=20/20, Completed=405/475 (85.3%)
2026-02-23 09:58:29,039 - Knowledge - INFO - done ingest for /app/data/T0015/325511/b5520qt/entservices-infra-325511/RustAdapter/LocalPlugin.cpp
2026-02-23 09:58:29,253 - Knowledge - INFO - Batch sizing: calculated=4, max_allowed=10, queue=7, active_workers=20/20
2026-02-23 09:58:29,292 - Knowledge - INFO - [LLM_CALL] Completed: RuntimeManagerHandler.h:chunk1, Duration: 65045ms, PromptTokens: 2228, CompletionTokens: 720, Cost: $0.00051
2026-02-23 09:58:29,365 - Knowledge - INFO - Async storing batch of 4 embeddings
2026-02-23 09:58:29,465 - Knowledge - INFO - Async storage completed for 4 embeddings
2026-02-23 09:58:29,797 - Knowledge - INFO - done ingest for /app/data/T0015/325511/b5520qt/entservices-infra-325511/LifecycleManager/RuntimeManagerHandler.h
2026-02-23 09:58:29,798 - Knowledge - INFO - Processing batch of 4 files
2026-02-23 09:58:29,893 - Knowledge - INFO - [LLM_CALL] Completed: HttpClient.cpp:chunk1, Duration: 60116ms, PromptTokens: 2338, CompletionTokens: 430, Cost: $0.00041
2026-02-23 09:58:30,072 - Knowledge - INFO - Worker kw10 processing /app/data/T0015/325511/b5520qt/entservices-infra-325511/RuntimeManager/DobbySpecGenerator.cpp
2026-02-23 09:58:30,478 - Knowledge - INFO - process ingested knowledge for /app/data/T0015/325511/b5520qt/entservices-infra-325511/PackageManager/PackageManagerImplementation.cpp
2026-02-23 09:58:30,604 - Knowledge - INFO - done ingest for /app/data/T0015/325511/b5520qt/entservices-infra-325511/PackageManager/HttpClient.cpp
2026-02-23 09:58:30,714 - Knowledge - INFO - Async storing batch of 5 embeddings
2026-02-23 09:58:30,903 - Knowledge - INFO - Worker kw10 processing /app/data/T0015/325511/b5520qt/entservices-infra-325511/RuntimeManager/RuntimeManagerImplementation.h
2026-02-23 09:58:31,005 - Knowledge - INFO - Processing batch of 4 files
2026-02-23 09:58:31,112 - Knowledge - INFO - process ingested knowledge for /app/data/T0015/325511/b5520qt/entservices-infra-325511/PackageManager/cmake/FindCurl.cmake
2026-02-23 09:58:31,504 - Knowledge - INFO - Processing batch of 4 files
2026-02-23 09:58:31,567 - Knowledge - INFO - Worker kw13 processing /app/data/T0015/325511/b5520qt/entservices-infra-325511/RuntimeManager/RialtoConnector.cpp
2026-02-23 09:58:31,753 - Knowledge - INFO - Worker kw10 processing /app/data/T0015/325511/b5520qt/entservices-infra-325511/RuntimeManager/Module.cpp
2026-02-23 09:58:31,959 - Knowledge - INFO - process ingested knowledge for /app/data/T0015/325511/b5520qt/entservices-infra-325511/LifecycleManager/ApplicationContext.h
2026-02-23 09:58:31,981 - Knowledge - INFO - Processing batch of 4 files
2026-02-23 09:58:32,117 - Knowledge - INFO - process ingested knowledge for /app/data/T0015/325511/b5520qt/entservices-infra-325511/PackageManager/cmake/FindJsonCpp.cmake
2026-02-23 09:58:32,287 - Knowledge - INFO - process ingested knowledge for /app/data/T0015/325511/b5520qt/entservices-infra-325511/RustAdapter/Module.h
2026-02-23 09:58:32,588 - Knowledge - INFO - Worker kw13 processing /app/data/T0015/325511/b5520qt/entservices-infra-325511/RuntimeManager/WindowManagerConnector.cpp
2026-02-23 09:58:32,697 - Knowledge - INFO - Fast-tracked /app/data/T0015/325511/b5520qt/entservices-infra-325511/RuntimeManager/Module.cpp (ext=.cpp, size=765)
2026-02-23 09:58:32,910 - Knowledge - INFO - process ingested knowledge for /app/data/T0015/325511/b5520qt/entservices-infra-325511/LifecycleManager/IEventHandler.h
2026-02-23 09:58:32,968 - Knowledge - INFO - process ingested knowledge for /app/data/T0015/325511/b5520qt/entservices-infra-325511/RustAdapter/RustPlugin.h
2026-02-23 09:58:33,311 - Knowledge - INFO - process ingested knowledge for /app/data/T0015/325511/b5520qt/entservices-infra-325511/PackageManager/HttpClient.h
2026-02-23 09:58:33,531 - Knowledge - INFO - process ingested knowledge for /app/data/T0015/325511/b5520qt/entservices-infra-325511/RustAdapter/RemotePlugin.cpp
2026-02-23 09:58:33,602 - Knowledge - INFO - Worker kw13 processing /app/data/T0015/325511/b5520qt/entservices-infra-325511/RuntimeManager/IEventHandler.h
2026-02-23 09:58:33,834 - Knowledge - INFO - Worker kw10 processing /app/data/T0015/325511/b5520qt/entservices-infra-325511/RuntimeManager/CHANGELOG.md
2026-02-23 09:58:34,121 - Knowledge - INFO - process ingested knowledge for /app/data/T0015/325511/b5520qt/entservices-infra-325511/AppNotifications/Module.h
2026-02-23 09:58:34,366 - Knowledge - INFO - process ingested knowledge for /app/data/T0015/325511/b5520qt/entservices-infra-325511/RustAdapter/LocalPlugin.cpp
2026-02-23 09:58:34,474 - Knowledge - INFO - [LLM_CALL] Completed: WebBridge.cpp:chunk1, Duration: 48839ms, PromptTokens: 6200, CompletionTokens: 701, Cost: $0.00090
2026-02-23 09:58:34,916 - Knowledge - INFO - Fast-tracked /app/data/T0015/325511/b5520qt/entservices-infra-325511/RuntimeManager/IEventHandler.h (ext=.h, size=1308)
2026-02-23 09:58:35,093 - Knowledge - INFO - Fast-tracked /app/data/T0015/325511/b5520qt/entservices-infra-325511/RuntimeManager/CHANGELOG.md (ext=.md, size=1015)
2026-02-23 09:58:35,229 - Knowledge - INFO - process ingested knowledge for /app/data/T0015/325511/b5520qt/entservices-infra-325511/RustAdapter/SocketServer.h
2026-02-23 09:58:35,328 - Knowledge - INFO - process ingested knowledge for /app/data/T0015/325511/b5520qt/entservices-infra-325511/AppNotifications/AppNotifications.cpp
2026-02-23 09:58:35,421 - Knowledge - INFO - process ingested knowledge for /app/data/T0015/325511/b5520qt/entservices-infra-325511/RustAdapter/Module.cpp
2026-02-23 09:58:35,521 - Knowledge - INFO - done ingest for /app/data/T0015/325511/b5520qt/entservices-infra-325511/WebBridge/WebBridge.cpp
2026-02-23 09:58:35,881 - Knowledge - INFO - [LLM_CALL] Completed: PackageManagerImplementation.h:chunk1, Duration: 49164ms, PromptTokens: 6552, CompletionTokens: 825, Cost: $0.00099
2026-02-23 09:58:36,354 - Knowledge - INFO - process ingested knowledge for /app/data/T0015/325511/b5520qt/entservices-infra-325511/RustAdapter/Logger.h
2026-02-23 09:58:37,477 - Knowledge - INFO - done ingest for /app/data/T0015/325511/b5520qt/entservices-infra-325511/PackageManager/PackageManagerImplementation.h
2026-02-23 09:58:37,849 - Knowledge - INFO - [LLM_CALL] Completed: PackageManager.cpp:chunk1, Duration: 51414ms, PromptTokens: 3640, CompletionTokens: 825, Cost: $0.00069
2026-02-23 09:58:38,867 - Knowledge - INFO - done ingest for /app/data/T0015/325511/b5520qt/entservices-infra-325511/PackageManager/PackageManager.cpp
2026-02-23 09:58:39,303 - Knowledge - INFO - process ingested knowledge for /app/data/T0015/325511/b5520qt/entservices-infra-325511/RustAdapter/CHANGELOG.md
2026-02-23 09:58:39,541 - Knowledge - INFO - [LLM_CALL] Completed: WindowManagerHandler.cpp:chunk1, Duration: 76822ms, PromptTokens: 2714, CompletionTokens: 562, Cost: $0.00050
2026-02-23 09:58:40,251 - Knowledge - INFO - done ingest for /app/data/T0015/325511/b5520qt/entservices-infra-325511/LifecycleManager/WindowManagerHandler.cpp
2026-02-23 09:58:43,844 - Knowledge - INFO - [WEBSOCKET] Sent: Type=progress_update, Size: 291, Duration: 0ms
2026-02-23 09:58:44,277 - Knowledge - INFO - [WEBSOCKET] Sent: Type=unknown, Size: ?, Duration: 433ms
2026-02-23 09:58:44,843 - Knowledge - INFO - Progress: 88.4% | Files: 422/475 | Rate: 1.21 files/sec | Queue: 0
2026-02-23 09:58:44,961 - Knowledge - INFO - [LLM_CALL] Completed: WebBridge.h:chunk1, Duration: 75492ms, PromptTokens: 5710, CompletionTokens: 1110, Cost: $0.00102
2026-02-23 09:58:45,586 - Knowledge - INFO - done ingest for /app/data/T0015/325511/b5520qt/entservices-infra-325511/WebBridge/WebBridge.h
2026-02-23 09:58:45,720 - Knowledge - INFO - Processing batch of 4 files
2026-02-23 09:58:45,753 - Knowledge - INFO - Processing batch of 4 files
2026-02-23 09:58:46,137 - Knowledge - INFO - process ingested knowledge for /app/data/T0015/325511/b5520qt/entservices-infra-325511/PackageManager/PackageManager.h
2026-02-23 09:58:46,445 - Knowledge - INFO - process ingested knowledge for /app/data/T0015/325511/b5520qt/entservices-infra-325511/PackageManager/HttpClient.cpp
2026-02-23 09:58:46,549 - Knowledge - INFO - Async storage completed for 5 embeddings
2026-02-23 09:58:46,993 - Knowledge - INFO - Async storage completed for 4 embeddings
2026-02-23 09:58:48,352 - Knowledge - INFO - process ingested knowledge for /app/data/T0015/325511/b5520qt/entservices-infra-325511/PackageManager/PackageManagerImplementation.h
2026-02-23 09:58:49,298 - Knowledge - INFO - [LLM_CALL] Completed: LifecycleManagerImplementation.h:chunk1, Duration: 65516ms, PromptTokens: 3774, CompletionTokens: 929, Cost: $0.00075
2026-02-23 09:58:49,602 - Knowledge - INFO - done ingest for /app/data/T0015/325511/b5520qt/entservices-infra-325511/LifecycleManager/LifecycleManagerImplementation.h
2026-02-23 09:58:49,702 - Knowledge - INFO - process ingested knowledge for /app/data/T0015/325511/b5520qt/entservices-infra-325511/PackageManager/PackageManager.cpp
2026-02-23 09:58:49,718 - Knowledge - INFO - process ingested knowledge for /app/data/T0015/325511/b5520qt/entservices-infra-325511/PackageManager/Module.cpp
2026-02-23 09:58:50,269 - Knowledge - INFO - process ingested knowledge for /app/data/T0015/325511/b5520qt/entservices-infra-325511/PackageManager/Module.h
2026-02-23 09:58:50,365 - Knowledge - INFO - Processing batch of 4 files
2026-02-23 09:58:50,518 - Knowledge - INFO - process ingested knowledge for /app/data/T0015/325511/b5520qt/entservices-infra-325511/CONTRIBUTING.md
2026-02-23 09:58:50,809 - Knowledge - INFO - [WEBSOCKET] Sent: Type=progress_update, Size: 273, Duration: 0ms
2026-02-23 09:58:50,823 - Knowledge - INFO - process ingested knowledge for /app/data/T0015/325511/b5520qt/entservices-infra-325511/AppNotifications/Module.cpp
2026-02-23 09:58:50,877 - Knowledge - INFO - process ingested knowledge for /app/data/T0015/325511/b5520qt/entservices-infra-325511/PackageManager/CMakeLists.txt
2026-02-23 09:58:51,296 - Knowledge - INFO - Processing batch of 4 files
2026-02-23 09:58:51,405 - Knowledge - INFO - [WEBSOCKET] Sent: Type=unknown, Size: ?, Duration: 597ms
2026-02-23 09:58:51,774 - Knowledge - INFO - process ingested knowledge for /app/data/T0015/325511/b5520qt/entservices-infra-325511/WebBridge/CMakeLists.txt
2026-02-23 09:58:51,924 - Knowledge - INFO - process ingested knowledge for /app/data/T0015/325511/b5520qt/entservices-infra-325511/AppNotifications/AppNotificationsImplementation.h
2026-02-23 09:58:51,942 - Knowledge - INFO - Progress: 90.5% | Files: 431/475 | Rate: 1.21 files/sec | Queue: 0
2026-02-23 09:58:53,830 - Knowledge - INFO - process ingested knowledge for /app/data/T0015/325511/b5520qt/entservices-infra-325511/WebBridge/Module.h
2026-02-23 09:58:54,559 - Knowledge - INFO - process ingested knowledge for /app/data/T0015/325511/b5520qt/entservices-infra-325511/WebBridge/WebBridge.h
2026-02-23 09:58:55,950 - Knowledge - INFO - process ingested knowledge for /app/data/T0015/325511/b5520qt/entservices-infra-325511/WebBridge/WebBridge.cpp
2026-02-23 09:58:56,073 - Knowledge - INFO - Processing batch of 4 files
2026-02-23 09:58:56,663 - Knowledge - INFO - process ingested knowledge for /app/data/T0015/325511/b5520qt/entservices-infra-325511/LifecycleManager/RuntimeManagerHandler.h
2026-02-23 09:58:57,091 - Knowledge - INFO - process ingested knowledge for /app/data/T0015/325511/b5520qt/entservices-infra-325511/WebBridge/js/WebBridgeSDK.js
2026-02-23 09:58:57,325 - Knowledge - INFO - [LLM_CALL] Completed: RuntimeManager.cpp:chunk1, Duration: 51803ms, PromptTokens: 3068, CompletionTokens: 541, Cost: $0.00052
2026-02-23 09:58:57,773 - Knowledge - INFO - done ingest for /app/data/T0015/325511/b5520qt/entservices-infra-325511/RuntimeManager/RuntimeManager.cpp
2026-02-23 09:58:58,021 - Knowledge - INFO - process ingested knowledge for /app/data/T0015/325511/b5520qt/entservices-infra-325511/LifecycleManager/StateTransitionRequest.h
2026-02-23 09:58:58,304 - Knowledge - INFO - process ingested knowledge for /app/data/T0015/325511/b5520qt/entservices-infra-325511/WebBridge/js/calc_server.html
2026-02-23 09:58:59,042 - Knowledge - INFO - [LLM_CALL] Completed: RustAdapter.cpp:chunk1, Duration: 57931ms, PromptTokens: 4098, CompletionTokens: 1106, Cost: $0.00085
2026-02-23 09:58:59,406 - Knowledge - INFO - done ingest for /app/data/T0015/325511/b5520qt/entservices-infra-325511/RustAdapter/RustAdapter.cpp
2026-02-23 09:58:59,490 - Knowledge - INFO - [LLM_CALL] Completed: AIConfiguration.cpp:chunk1, Duration: 41230ms, PromptTokens: 7554, CompletionTokens: 1250, Cost: $0.00126
2026-02-23 09:59:00,020 - Knowledge - INFO - done ingest for /app/data/T0015/325511/b5520qt/entservices-infra-325511/RuntimeManager/AIConfiguration.cpp
2026-02-23 09:59:01,129 - Knowledge - INFO - process ingested knowledge for /app/data/T0015/325511/b5520qt/entservices-infra-325511/LifecycleManager/StateTransitionHandler.cpp
2026-02-23 09:59:04,284 - Knowledge - INFO - process ingested knowledge for /app/data/T0015/325511/b5520qt/entservices-infra-325511/LifecycleManager/LifecycleManagerImplementation.h
2026-02-23 09:59:04,775 - Knowledge - INFO - Processing batch of 4 files
2026-02-23 09:59:04,941 - Knowledge - INFO - [LLM_CALL] Completed: AIConfiguration.h:chunk1, Duration: 52438ms, PromptTokens: 2238, CompletionTokens: 872, Cost: $0.00057
2026-02-23 09:59:05,088 - Knowledge - INFO - process ingested knowledge for /app/data/T0015/325511/b5520qt/entservices-infra-325511/RuntimeManager/RuntimeManager.h
2026-02-23 09:59:05,237 - Knowledge - INFO - done ingest for /app/data/T0015/325511/b5520qt/entservices-infra-325511/RuntimeManager/AIConfiguration.h
2026-02-23 09:59:06,478 - Knowledge - INFO - [LLM_CALL] Completed: DobbyEventListener.cpp:chunk1, Duration: 40464ms, PromptTokens: 3486, CompletionTokens: 689, Cost: $0.00062
2026-02-23 09:59:06,626 - Knowledge - INFO - process ingested knowledge for /app/data/T0015/325511/b5520qt/entservices-infra-325511/RuntimeManager/README.md
2026-02-23 09:59:06,878 - Knowledge - INFO - done ingest for /app/data/T0015/325511/b5520qt/entservices-infra-325511/RuntimeManager/DobbyEventListener.cpp
2026-02-23 09:59:07,137 - Knowledge - INFO - [LLM_CALL] Completed: State.cpp:chunk1, Duration: 98186ms, PromptTokens: 4022, CompletionTokens: 1018, Cost: $0.00081
2026-02-23 09:59:07,675 - Knowledge - INFO - done ingest for /app/data/T0015/325511/b5520qt/entservices-infra-325511/LifecycleManager/State.cpp
2026-02-23 09:59:08,178 - Knowledge - INFO - process ingested knowledge for /app/data/T0015/325511/b5520qt/entservices-infra-325511/RuntimeManager/UserIdManager.h
2026-02-23 09:59:09,423 - Knowledge - INFO - [LLM_CALL] Completed: WindowManagerConnector.cpp:chunk1, Duration: 27130ms, PromptTokens: 3440, CompletionTokens: 571, Cost: $0.00057
2026-02-23 09:59:09,759 - Knowledge - INFO - done ingest for /app/data/T0015/325511/b5520qt/entservices-infra-325511/RuntimeManager/WindowManagerConnector.cpp
2026-02-23 09:59:11,427 - Knowledge - INFO - process ingested knowledge for /app/data/T0015/325511/b5520qt/entservices-infra-325511/RuntimeManager/AIConfiguration.cpp
2026-02-23 09:59:12,194 - Knowledge - WARNING - Timeout processing /app/data/T0015/325511/b5520qt/entservices-infra-325511/USBMassStorage/USBMassStorageImplementation.cpp after 90s - using fallback metadata
2026-02-23 09:59:12,643 - Knowledge - INFO - [LLM_CALL] Completed: RialtoConnector.cpp:chunk1, Duration: 34956ms, PromptTokens: 3074, CompletionTokens: 573, Cost: $0.00054
2026-02-23 09:59:12,896 - Knowledge - INFO - done ingest for /app/data/T0015/325511/b5520qt/entservices-infra-325511/RuntimeManager/RialtoConnector.cpp
2026-02-23 09:59:13,121 - Knowledge - INFO - [LLM_CALL] Completed: SocketServer.cpp:chunk1, Duration: 68462ms, PromptTokens: 6260, CompletionTokens: 796, Cost: $0.00094
2026-02-23 09:59:13,428 - Knowledge - INFO - done ingest for /app/data/T0015/325511/b5520qt/entservices-infra-325511/RustAdapter/SocketServer.cpp
2026-02-23 09:59:13,435 - Knowledge - INFO - [LLM_CALL] Completed: LocalPlugin.h:chunk1, Duration: 62927ms, PromptTokens: 3524, CompletionTokens: 1000, Cost: $0.00075
2026-02-23 09:59:13,732 - Knowledge - INFO - done ingest for /app/data/T0015/325511/b5520qt/entservices-infra-325511/RustAdapter/LocalPlugin.h
2026-02-23 09:59:13,739 - Knowledge - INFO - [LLM_CALL] Completed: ApplicationContext.cpp:chunk1, Duration: 88116ms, PromptTokens: 3326, CompletionTokens: 922, Cost: $0.00070
2026-02-23 09:59:14,083 - Knowledge - INFO - done ingest for /app/data/T0015/325511/b5520qt/entservices-infra-325511/LifecycleManager/ApplicationContext.cpp
2026-02-23 09:59:14,269 - Knowledge - INFO - [WEBSOCKET] Sent: Type=progress_update, Size: 273, Duration: 0ms
2026-02-23 09:59:14,666 - Knowledge - INFO - [WEBSOCKET] Sent: Type=unknown, Size: ?, Duration: 397ms
2026-02-23 09:59:14,953 - Knowledge - INFO - Progress: 92.6% | Files: 443/475 | Rate: 1.16 files/sec | Queue: 0
2026-02-23 09:59:15,753 - Knowledge - INFO - [LLM_CALL] Completed: RemotePlugin.h:chunk1, Duration: 84748ms, PromptTokens: 2986, CompletionTokens: 877, Cost: $0.00065
2026-02-23 09:59:15,996 - Knowledge - WARNING - Timeout processing /app/data/T0015/325511/b5520qt/entservices-infra-325511/AppGateway/AppGatewayResponderImplementation.cpp after 90s - using fallback metadata
2026-02-23 09:59:16,107 - Knowledge - INFO - done ingest for /app/data/T0015/325511/b5520qt/entservices-infra-325511/RustAdapter/RemotePlugin.h
2026-02-23 09:59:16,870 - Knowledge - INFO - Processing batch of 4 files
2026-02-23 09:59:17,118 - Knowledge - INFO - Processing batch of 5 files
2026-02-23 09:59:17,177 - Knowledge - INFO - Processing batch of 3 files
2026-02-23 09:59:17,262 - Knowledge - INFO - process ingested knowledge for /app/data/T0015/325511/b5520qt/entservices-infra-325511/CHANGELOG.md
2026-02-23 09:59:17,360 - Knowledge - INFO - process ingested knowledge for /app/data/T0015/325511/b5520qt/entservices-infra-325511/USBMassStorage/USBMassStorageImplementation.cpp
2026-02-23 09:59:17,562 - Knowledge - INFO - process ingested knowledge for /app/data/T0015/325511/b5520qt/entservices-infra-325511/RuntimeManager/RialtoConnector.cpp
2026-02-23 09:59:17,943 - Knowledge - INFO - process ingested knowledge for /app/data/T0015/325511/b5520qt/entservices-infra-325511/build_dependencies.sh
2026-02-23 09:59:18,391 - Knowledge - INFO - process ingested knowledge for /app/data/T0015/325511/b5520qt/entservices-infra-325511/USBMassStorage/CMakeLists.txt
2026-02-23 09:59:18,463 - Knowledge - INFO - process ingested knowledge for /app/data/T0015/325511/b5520qt/entservices-infra-325511/RuntimeManager/WindowManagerConnector.cpp
2026-02-23 09:59:18,903 - Knowledge - INFO - process ingested knowledge for /app/data/T0015/325511/b5520qt/entservices-infra-325511/RustAdapter/RustAdapter.cpp
2026-02-23 09:59:19,025 - Knowledge - INFO - process ingested knowledge for /app/data/T0015/325511/b5520qt/entservices-infra-325511/USBMassStorage/USBMassStorage.h
2026-02-23 09:59:19,213 - Knowledge - INFO - [LLM_CALL] Completed: RustAdapter.h:chunk1, Duration: 67384ms, PromptTokens: 3426, CompletionTokens: 967, Cost: $0.00073
2026-02-23 09:59:19,313 - Knowledge - INFO - process ingested knowledge for /app/data/T0015/325511/b5520qt/entservices-infra-325511/RuntimeManager/IEventHandler.h
2026-02-23 09:59:19,574 - Knowledge - INFO - done ingest for /app/data/T0015/325511/b5520qt/entservices-infra-325511/RustAdapter/RustAdapter.h
2026-02-23 09:59:19,691 - Knowledge - INFO - process ingested knowledge for /app/data/T0015/325511/b5520qt/entservices-infra-325511/USBMassStorage/Module.cpp
2026-02-23 09:59:19,823 - Knowledge - INFO - Processing batch of 5 files
2026-02-23 09:59:20,073 - Knowledge - INFO - process ingested knowledge for /app/data/T0015/325511/b5520qt/entservices-infra-325511/RustAdapter/LocalPlugin.h
2026-02-23 09:59:20,366 - Knowledge - INFO - process ingested knowledge for /app/data/T0015/325511/b5520qt/entservices-infra-325511/USBMassStorage/USBMassStorageImplementation.h
2026-02-23 09:59:20,667 - Knowledge - INFO - process ingested knowledge for /app/data/T0015/325511/b5520qt/entservices-infra-325511/USBMassStorage/CHANGELOG.md
2026-02-23 09:59:20,721 - Knowledge - INFO - [LLM_CALL] Completed: LifecycleManagerImplementation.cpp:chunk1, Duration: 125504ms, PromptTokens: 13506, CompletionTokens: 1065, Cost: $0.00178
2026-02-23 09:59:20,809 - Knowledge - INFO - process ingested knowledge for /app/data/T0015/325511/b5520qt/entservices-infra-325511/AppGateway/Resolver.h
2026-02-23 09:59:21,067 - Knowledge - INFO - done ingest for /app/data/T0015/325511/b5520qt/entservices-infra-325511/LifecycleManager/LifecycleManagerImplementation.cpp
2026-02-23 09:59:21,531 - Knowledge - INFO - process ingested knowledge for /app/data/T0015/325511/b5520qt/entservices-infra-325511/AppGateway/AppGateway.cpp
2026-02-23 09:59:21,624 - Knowledge - INFO - [LLM_CALL] Completed: DobbySpecGenerator.cpp:chunk1, Duration: 44020ms, PromptTokens: 19510, CompletionTokens: 1131, Cost: $0.00240
2026-02-23 09:59:21,949 - Knowledge - INFO - done ingest for /app/data/T0015/325511/b5520qt/entservices-infra-325511/RuntimeManager/DobbySpecGenerator.cpp
2026-02-23 09:59:21,951 - Knowledge - INFO - [LLM_CALL] Completed: DobbySpecGenerator.h:chunk1, Duration: 61118ms, PromptTokens: 2788, CompletionTokens: 1327, Cost: $0.00081
2026-02-23 09:59:21,996 - Knowledge - INFO - process ingested knowledge for /app/data/T0015/325511/b5520qt/entservices-infra-325511/AppGateway/Module.h
2026-02-23 09:59:22,371 - Knowledge - INFO - done ingest for /app/data/T0015/325511/b5520qt/entservices-infra-325511/RuntimeManager/DobbySpecGenerator.h
2026-02-23 09:59:23,770 - Knowledge - INFO - [LLM_CALL] Completed: RuntimeManagerImplementation.h:chunk1, Duration: 41273ms, PromptTokens: 5130, CompletionTokens: 972, Cost: $0.00090
2026-02-23 09:59:24,041 - Knowledge - INFO - done ingest for /app/data/T0015/325511/b5520qt/entservices-infra-325511/RuntimeManager/RuntimeManagerImplementation.h
2026-02-23 09:59:25,564 - Knowledge - INFO - process ingested knowledge for /app/data/T0015/325511/b5520qt/entservices-infra-325511/AppGateway/AppGatewayResponderImplementation.cpp
2026-02-23 09:59:25,706 - Knowledge - INFO - Processing batch of 4 files
2026-02-23 09:59:26,209 - Knowledge - INFO - process ingested knowledge for /app/data/T0015/325511/b5520qt/entservices-infra-325511/RustAdapter/CMakeLists.txt
2026-02-23 09:59:27,838 - Knowledge - INFO - [WEBSOCKET] Sent: Type=progress_update, Size: 272, Duration: 0ms
2026-02-23 09:59:28,216 - Knowledge - INFO - [WEBSOCKET] Sent: Type=unknown, Size: ?, Duration: 378ms
2026-02-23 09:59:28,227 - Knowledge - INFO - process ingested knowledge for /app/data/T0015/325511/b5520qt/entservices-infra-325511/RustAdapter/RemotePlugin.h
2026-02-23 09:59:28,443 - Knowledge - INFO - Progress: 97.3% | Files: 464/475 | Rate: 1.19 files/sec | Queue: 0
2026-02-23 09:59:28,763 - Knowledge - INFO - Processing batch of 4 files
2026-02-23 09:59:28,983 - Knowledge - INFO - process ingested knowledge for /app/data/T0015/325511/b5520qt/entservices-infra-325511/LifecycleManager/LifecycleManagerImplementation.cpp
2026-02-23 09:59:29,091 - Knowledge - INFO - process ingested knowledge for /app/data/T0015/325511/b5520qt/entservices-infra-325511/RustAdapter/SocketServer.cpp
2026-02-23 09:59:29,098 - Knowledge - INFO - Processing batch of 4 files
2026-02-23 09:59:29,114 - Knowledge - INFO - Processing batch of 4 files
2026-02-23 09:59:29,171 - Knowledge - INFO - process ingested knowledge for /app/data/T0015/325511/b5520qt/entservices-infra-325511/LifecycleManager/WindowManagerHandler.cpp
2026-02-23 09:59:29,376 - Knowledge - INFO - process ingested knowledge for /app/data/T0015/325511/b5520qt/entservices-infra-325511/RustAdapter/RustAdapter.h
2026-02-23 09:59:29,413 - Knowledge - INFO - process ingested knowledge for /app/data/T0015/325511/b5520qt/entservices-infra-325511/RuntimeManager/DobbySpecGenerator.cpp
2026-02-23 09:59:29,522 - Knowledge - INFO - process ingested knowledge for /app/data/T0015/325511/b5520qt/entservices-infra-325511/RuntimeManager/RuntimeManager.cpp
2026-02-23 09:59:29,619 - Knowledge - INFO - process ingested knowledge for /app/data/T0015/325511/b5520qt/entservices-infra-325511/LifecycleManager/State.cpp
2026-02-23 09:59:29,816 - Knowledge - INFO - process ingested knowledge for /app/data/T0015/325511/b5520qt/entservices-infra-325511/RuntimeManager/RuntimeManagerImplementation.h
2026-02-23 09:59:29,949 - Knowledge - INFO - process ingested knowledge for /app/data/T0015/325511/b5520qt/entservices-infra-325511/RuntimeManager/UserIdManager.cpp
2026-02-23 09:59:30,046 - Knowledge - INFO - process ingested knowledge for /app/data/T0015/325511/b5520qt/entservices-infra-325511/LifecycleManager/ApplicationContext.cpp
2026-02-23 09:59:30,182 - Knowledge - INFO - process ingested knowledge for /app/data/T0015/325511/b5520qt/entservices-infra-325511/RuntimeManager/Module.cpp
2026-02-23 09:59:30,234 - Knowledge - INFO - process ingested knowledge for /app/data/T0015/325511/b5520qt/entservices-infra-325511/RuntimeManager/AIConfiguration.h
2026-02-23 09:59:30,400 - Knowledge - INFO - process ingested knowledge for /app/data/T0015/325511/b5520qt/entservices-infra-325511/RuntimeManager/CHANGELOG.md
2026-02-23 09:59:30,520 - Knowledge - INFO - process ingested knowledge for /app/data/T0015/325511/b5520qt/entservices-infra-325511/RuntimeManager/DobbySpecGenerator.h
2026-02-23 09:59:39,734 - Knowledge - WARNING - Timeout processing /app/data/T0015/325511/b5520qt/entservices-infra-325511/RuntimeManager/RuntimeManagerImplementation.cpp after 90s - using fallback metadata
2026-02-23 09:59:39,988 - Knowledge - INFO - Processing batch of 4 files
2026-02-23 09:59:40,152 - Knowledge - INFO - process ingested knowledge for /app/data/T0015/325511/b5520qt/entservices-infra-325511/RuntimeManager/RuntimeManagerImplementation.cpp
2026-02-23 09:59:40,319 - Knowledge - INFO - process ingested knowledge for /app/data/T0015/325511/b5520qt/entservices-infra-325511/RuntimeManager/DobbyEventListener.h
2026-02-23 09:59:40,491 - Knowledge - INFO - process ingested knowledge for /app/data/T0015/325511/b5520qt/entservices-infra-325511/RuntimeManager/CMakeLists.txt
2026-02-23 09:59:40,693 - Knowledge - INFO - process ingested knowledge for /app/data/T0015/325511/b5520qt/entservices-infra-325511/RuntimeManager/DobbyEventListener.cpp
2026-02-23 09:59:41,175 - Knowledge - INFO - [WEBSOCKET] Sent: Type=progress_update, Size: 273, Duration: 0ms
2026-02-23 09:59:41,400 - Knowledge - INFO - [WEBSOCKET] Sent: Type=unknown, Size: ?, Duration: 225ms
2026-02-23 09:59:41,625 - Knowledge - INFO - Progress: 100.0% | Files: 475/475 | Rate: 1.16 files/sec | Queue: 0
2026-02-23 09:59:41,795 - Knowledge - INFO - Knowledge creation complete
2026-02-23 09:59:42,005 - Knowledge - INFO - ==================================================
2026-02-23 09:59:42,192 - Knowledge - INFO - KNOWLEDGE GRAPH GENERATION PERFORMANCE SUMMARY
2026-02-23 09:59:42,412 - Knowledge - INFO - ==================================================
2026-02-23 09:59:42,593 - Knowledge - INFO - Total processing time: 408.86 seconds (6.81 minutes)
2026-02-23 09:59:42,785 - Knowledge - INFO - Files processed: 0
2026-02-23 09:59:43,035 - Knowledge - INFO - Processing rate: 0.00 files/second
2026-02-23 09:59:43,214 - Knowledge - INFO - 
[TIME_BREAKDOWN]
2026-02-23 09:59:43,412 - Knowledge - INFO - File Reading: 0.00s (0.0%)
2026-02-23 09:59:43,588 - Knowledge - INFO - LLM Processing: 7309.27s (1787.7%)
2026-02-23 09:59:43,780 - Knowledge - INFO - MongoDB Operations: 0.00s (0.0%)
2026-02-23 09:59:44,016 - Knowledge - INFO - Redis Operations: 0.00s (0.0%)
2026-02-23 09:59:44,214 - Knowledge - INFO - WebSocket Communication: 36.01s (8.8%)
2026-02-23 09:59:44,383 - Knowledge - INFO - 
[LLM_STATS]
2026-02-23 09:59:44,561 - Knowledge - INFO - Total LLM calls: 171
2026-02-23 09:59:44,742 - Knowledge - INFO - Average LLM response time: 42744ms
2026-02-23 09:59:44,909 - Knowledge - INFO - Average prompt tokens: 5263.3
2026-02-23 09:59:45,086 - Knowledge - INFO - Average completion tokens: 779.9
2026-02-23 09:59:45,249 - Knowledge - INFO - Total prompt tokens: 900018
2026-02-23 09:59:45,448 - Knowledge - INFO - Total completion tokens: 133361
2026-02-23 09:59:45,653 - Knowledge - INFO - Total LLM cost: $0.1433
2026-02-23 09:59:45,881 - Knowledge - INFO - 
[DATABASE_STATS]
2026-02-23 09:59:46,077 - Knowledge - INFO - MongoDB operations: 0
2026-02-23 09:59:46,261 - Knowledge - INFO - Redis operations: 0
2026-02-23 09:59:46,498 - Knowledge - INFO - 
[COMMUNICATION_STATS]
2026-02-23 09:59:46,693 - Knowledge - INFO - WebSocket messages sent: 57
2026-02-23 09:59:46,887 - Knowledge - INFO - Average message size: 144.6 bytes
2026-02-23 09:59:47,090 - Knowledge - INFO - 
[WORKER_STATS]
2026-02-23 09:59:47,294 - Knowledge - INFO - 
[FILE_TYPE_STATS]
2026-02-23 09:59:47,462 - Knowledge - INFO - 
[SLOWEST_FILES]
2026-02-23 09:59:47,656 - Knowledge - INFO - ==================================================
2026-02-23 09:59:47,867 - Knowledge - INFO - ==================================================
2026-02-23 09:59:48,034 - Knowledge - INFO - KNOWLEDGE GRAPH GENERATION PERFORMANCE SUMMARY
2026-02-23 09:59:48,202 - Knowledge - INFO - ==================================================
2026-02-23 09:59:48,384 - Knowledge - INFO - Total processing time: 414.77 seconds (6.91 minutes)
2026-02-23 09:59:48,564 - Knowledge - INFO - Files processed: 475 of 475
2026-02-23 09:59:48,728 - Knowledge - INFO - Processing rate: 1.15 files/second
2026-02-23 09:59:48,912 - Knowledge - INFO - WebSocket messages sent: 28
2026-02-23 09:59:49,081 - Knowledge - INFO - MongoDB operations: 475
2026-02-23 09:59:49,284 - Knowledge - INFO - Average MongoDB ops per file: 1.00
2026-02-23 09:59:49,516 - Knowledge - INFO - LLM costs: $0.1447
2026-02-23 09:59:49,749 - Knowledge - INFO - Prompt tokens: 911260
2026-02-23 09:59:49,951 - Knowledge - INFO - Completion tokens: 134059
2026-02-23 09:59:50,155 - Knowledge - INFO - Updating org costs, total cost: 0.1447495999999999
2026-02-23 09:59:51,364 - Knowledge - INFO - [WEBSOCKET] Sent: Type=progress_update, Size: 269, Duration: 0ms
2026-02-23 09:59:51,597 - Knowledge - INFO - Saving knowledge to Redis...
2026-02-23 09:59:52,215 - Knowledge - INFO - Knowledge saved to Redis successfully
